"Data Source","World Development Indicators",

"Last Updated Date","2026-07-13",

"Country Name","Country Code","Indicator Name","Indicator Code","1960","1961","1962","1963","1964","1965","1966","1967","1968","1969","1970","1971","1972","1973","1974","1975","1976","1977","1978","1979","1980","1981","1982","1983","1984","1985","1986","1987","1988","1989","1990","1991","1992","1993","1994","1995","1996","1997","1998","1999","2000","2001","2002","2003","2004","2005","2006","2007","2008","2009","2010","2011","2012","2013","2014","2015","2016","2017","2018","2019","2020","2021","2022","2023","2024","2025",
"Aruba","ABW","GDP per capita (current US$)","NY.GDP.PCAP.CD","","","","","","","","","","","","","","","","","","","","","","","","","","","6767.55922942669","8244.04566011433","10056.2613927414","11507.2171509849","12187.5363611898","13233.9905169683","13892.6051427736","14700.9598081521","16055.2877874337","16548.7173868987","16620.9545555513","17750.0095644198","18828.0870594071","19216.1972354472","20681.0230269625","20740.1325828172","21307.2482505267","21949.4859960868","23700.6319899197","24171.8371325422","24845.65848362","26736.3089444046","28171.9094008501","25134.7712303589","24093.1401510626","25712.3843015186","25119.6655449838","25813.5714408438","26129.8390617693","27458.2201537506","27441.5502144601","28440.0416881491","30082.1584226798","30654.4851235397","22664.3709949437","26827.3447869986","31000.5713798732","34897.6183932009","38590.5650288641","",
"Africa Eastern and Southern","AFE","GDP per capita (current US$)","NY.GDP.PCAP.CD","186.089514881165","186.909365228821","197.36787649827","225.400455705208","208.963065980073","226.836513295836","240.912196125435","243.77399986481","257.144252415425","281.579363776427","276.733386190782","294.814654215325","311.465573381367","389.729674712988","463.469548850461","479.079597720244","468.775304383329","518.359550068184","571.618271488354","634.449175277502","773.302496295457","777.6292577402","725.548722322091","732.346683664132","650.347927128187","554.222221130921","578.318417094435","664.792922745199","704.143241259139","728.244534303378","822.404371825312","864.175528692201","732.912138733145","709.324717855605","700.7732953765","766.524210648196","746.78858138152","767.400692604526","697.08057901383","670.425331746839","706.728440776917","625.82886019759","630.513380226995","815.433657549659","989.017114690163","1126.29920363201","1235.17087902029","1381.4452514345","1447.42777531825","1408.61565890435","1628.76857300184","1761.83829586572","1731.86909640114","1705.83900348854","1689.98238051624","1498.71597073834","1335.7431649955","1529.92307995549","1553.61794421394","1508.0315245887","1351.50316694933","1560.89462580275","1675.90252377611","1571.13270407815","1628.22728900442","1722.38561960923",
"Afghanistan","AFG","GDP per capita (current US$)","NY.GDP.PCAP.CD","","","","","","","","","","","","","","","","","","","","","","","","","","","","","","","","","","","","","","","","","174.930991430166","138.706821676113","178.954088379235","198.871115728727","221.763653873013","254.184249149336","274.218553561575","376.223152003876","381.73323802844","452.053705477043","560.621505463146","606.694676337726","651.417134470046","637.087099117099","625.054941813938","565.569730408751","522.082215583898","525.469770891619","491.337221382603","496.6025042585","510.787063366811","356.496214115892","357.261152798144","413.757894705303","416.871146273728","",
"Africa Western and Central","AFW","GDP per capita (current US$)","NY.GDP.PCAP.CD","121.936832429715","127.451039943698","133.823783489337","139.004980086033","148.551510474249","155.587905462706","162.172975137283","145.046759038793","146.345421077107","162.083035227276","218.842959502359","196.013807534283","230.250571421405","280.866692944744","368.588335603968","413.697038224725","480.833407101323","491.235598667596","524.205300336915","625.377991903506","763.633222562531","1329.87864847601","1165.24870867511","874.938007279736","739.489771475725","755.925041737799","583.666693671393","584.103649735645","563.879072074372","513.173056234633","593.83151352357","608.66899836783","567.92629883876","575.281709114721","580.801466185621","867.818658269009","1070.83624374512","1093.0671762104","1142.84454396881","524.453105656825","519.642599510731","533.677179675639","620.160708220684","698.41059773746","839.345851531298","1001.134464675","1236.31604057497","1407.72881703262","1668.61565308526","1455.22391926317","1664.49204549878","1846.10292552744","1943.37255535786","2134.24752369303","2224.32958643376","1863.40151301991","1632.42497788744","1577.20349674013","1723.11446346681","2219.41255534667","2034.43793971923","2116.9382941844","2143.07209365676","1846.24681069313","1416.22841156776","1600.05837434388",
"Angola","AGO","GDP per capita (current US$)","NY.GDP.PCAP.CD","","","","","","","","","","","","","","","","","","","","","729.111965489818","657.982648547394","634.221467312778","636.83281102292","650.491094413218","772.468832586262","697.52660239925","770.10114008645","807.439628386237","907.747893072933","965.866840464665","881.919488130062","668.706017459877","449.727894936295","334.973590276074","404.29481849612","531.115366543271","521.70291489053","429.188126933192","392.725539027496","563.733795571487","533.586202412447","999.065855956628","1133.66331960414","1451.47117870872","2145.88621098663","2930.44428606516","3515.05678985496","4578.15526451058","3645.14846565169","4101.63715564669","5184.15269151846","5702.45306277434","5688.57916213471","5649.68762467535","3641.72893920253","2082.37343594705","2832.14997950512","2891.83032378747","2507.86807213642","1749.1794838482","2266.96834861584","3598.53669077341","2885.51349130806","2720.81900669715","3129.47662331063",
"Albania","ALB","GDP per capita (current US$)","NY.GDP.PCAP.CD","","","","","","","","","","","","","","","","","","","","","590.607738430529","663.2942082544","668.454504242454","661.546782448624","639.484730161417","639.865903755552","693.873474633887","674.793383069492","652.774321396566","697.995596576519","617.230435515505","336.586994504629","200.852219772323","367.279225077581","586.416135130865","911.320465445326","1020.97618050188","728.545523729675","831.175344077295","1056.34481153033","1160.42047054038","1326.41652388077","1479.83884572006","1908.69900687608","2446.90949947798","2741.72136549578","3057.77257038113","3743.05529896187","4498.50486763601","4213.65007574693","4149.14469936847","4465.70914328865","4280.93316338873","4542.92903556739","4793.59751131525","4199.53912925398","4457.63412207495","5006.36012951959","5897.65452588774","6069.43903131027","6027.91350716348","7242.45513146613","7756.96188744253","9740.7023414631","11374.0085781236","12998.147869552",
"Andorra","AND","GDP per capita (current US$)","NY.GDP.PCAP.CD","","","","","","","","","","","3935.41127779609","4169.69537103885","4940.29696239207","6151.02717030722","7139.5745119838","7925.41577090452","7721.28858646797","8167.92286159334","9409.50851272793","11996.4072860354","12474.9252919904","10465.2604643624","9697.52201994133","8082.09152017435","7808.13002713549","7911.98436223964","10539.1177869653","12828.1519430152","14599.0355178798","15714.9265516576","19563.6574722488","19533.2620668023","20099.5352208543","15916.8395162087","15748.5307503373","18443.2545197741","19130.1597151312","18247.9995651361","18536.5084282698","18875.2869134938","21810.2487426174","23511.2951466328","26528.1301571494","34063.5784040571","39021.1278078772","40829.801878928","43467.210990395","48336.2283340364","49132.5157047203","43975.0183658196","42746.830952263","46657.1561204071","41500.5435782722","42470.3161158563","44369.6596894579","38654.9347217207","40129.8192026671","40672.9943362327","42819.774579353","41257.8045861543","37361.090067211","42425.6996761083","42414.0590111349","46812.448450114","49357.437070178","54291.5026031052",
"Arab World","ARB","GDP per capita (current US$)","NY.GDP.PCAP.CD","","212.904077957274","210.819688258812","225.815918956392","243.913946117719","256.197486658733","263.968711194813","276.951725344184","307.557624001515","329.453728084893","357.718964213401","402.822307878809","470.227429575094","602.507540554094","1125.04298783644","1205.55545155929","1458.24312176101","1630.46941328609","1728.32241737205","2251.65780045901","2954.3040924934","2911.18187901911","2640.78244926857","2417.45335889985","2358.21631644132","2247.904750665","2042.47838250205","2108.46557162979","2041.96127119429","2117.69361013073","2875.13052297717","2048.70583682981","1996.28830839149","1987.7533220326","2018.66808626545","2080.99805208098","2193.85954411939","2305.60949452905","2192.58945184653","2378.91256945477","2664.12544702947","2536.15266480025","2483.50270297478","2696.67250919404","3133.70136960221","3750.69817199291","4355.05761532494","4940.70153714799","6100.53937632387","5142.65633137166","5957.50539498481","6924.20289420703","7392.55638357541","7384.79221541888","7347.6211570264","6299.87807685552","6051.26103619544","6105.92161804571","6708.53121256784","6683.67016877686","5749.75163256627","6708.20761928893","7960.81158770821","7504.35637695627","7602.41115691284","7544.41435641482",
"United Arab Emirates","ARE","GDP per capita (current US$)","NY.GDP.PCAP.CD","","","","","","","","","","","2394.06811471055","2805.42642722587","3675.41681419534","9695.81418807304","23822.9715560307","27117.1912424652","31197.0663668344","35020.1986905139","29379.0712926859","34238.1739475153","42925.208420888","44854.5234553512","39972.4918171729","34650.0446364828","32012.2967090452","29467.5280764905","23132.0442453994","23112.5558111632","21569.6710149303","23166.7140459133","26709.9567949611","25690.9151233865","25648.2807476605","25032.8269272198","25472.6470660889","27003.1753753727","28323.1586889615","27982.752550093","24889.4426807231","25855.8379155488","29865.5285002232","27745.1684523079","27753.5810466782","29659.5710296993","33376.6880534412","38719.3138285388","44342.603055045","45854.7352436978","50054.1700685968","37803.0663737818","44795.2846234991","51921.8890746408","53141.6251661086","53247.2278745159","52725.2307981936","44910.3458860776","42721.1136110991","43733.6242018215","47135.3478795605","45938.6084572227","37991.738387966","44118.4936214315","50759.7590190204","49850.6945082084","50273.5126243239","",
"Argentina","ARG","GDP per capita (current US$)","NY.GDP.PCAP.CD","778.251706763404","971.338043308372","870.217490905403","852.972425139433","1176.20086190313","1281.83337976859","1275.07843418966","1063.93283833587","1141.95211617341","1329.56181832409","1322.71454216808","1372.50746646061","1409.37097316211","2097.89945010806","2844.96990526761","2026.68435752865","1946.91990388248","2126.48546048047","3282.06304446289","2511.97332905958","2747.5022751674","2764.08641421079","2914.76708504176","3537.7473459832","3915.03492645691","2905.77565536137","3436.07819471053","3477.30131979313","3992.70330179156","2374.57321551641","4315.33403111588","5709.24784079504","6789.99611136495","6931.85596375876","7437.56242327594","7357.6162773788","7663.21271287469","8146.78710021431","8218.99212764682","7705.54288252851","7637.01489203628","7141.47507662826","2569.69963519124","3320.47775133903","4242.02099089422","5067.65342293276","5869.38028970204","7185.25155147027","8944.1102657357","8150.23527028221","10260.1313108254","12704.2831819684","12949.717486654","12963.675773326","12233.1444119186","13679.6264980954","12699.9623137756","14532.5009308511","11752.7998922979","9955.97478680428","8535.59938004389","10738.0179223384","13962.1894087223","14261.8465667948","13969.7836603737","14898.0885943842",
"Armenia","ARM","GDP per capita (current US$)","NY.GDP.PCAP.CD","","","","","","","","","","","","","","","","","","","","","","","","","","","","","","","635.355327502517","572.740260900977","356.350780006933","347.870644720878","390.879964297655","443.924860857976","487.068624404558","505.035887057966","590.239947333459","582.669886150895","593.450581742282","659.588988535629","742.651118319819","882.030167695474","1130.08791444158","1557.48458908655","2041.65267068997","2962.70234594569","3777.66859313767","2820.5926553347","3041.34450723339","3349.55309771906","3511.56399687426","3680.16692158886","3852.11800610384","3512.39350276709","3524.42476874707","3869.05373867752","4196.00562301769","4597.22887399548","4268.68093304583","4685.17997128509","6571.97445545099","8159.08720967996","8556.21406956719","9474.01849300368",
"American Samoa","ASM","GDP per capita (current US$)","NY.GDP.PCAP.CD","","","","","","","","","","","","","","","","","","","","","","","","","","","","","","","","","","","","","","","","","","","8972.69636535698","9197.66196836987","8958.42866697173","8831.26975996609","8745.16621137404","9231.37240924563","10030.8089130902","12156.0293905777","10375.1720141957","10383.459331451","11745.4899153958","11813.5022034589","12026.3344929488","12727.4102651386","12843.3342903627","11863.6839452565","12552.0546868861","12886.1359517218","14489.2586563775","15236.1604875571","18017.4589383973","","","",
"Antigua and Barbuda","ATG","GDP per capita (current US$)","NY.GDP.PCAP.CD","","","","","","","","","","","","","","","","","","1213.67021714646","1374.82027453607","1705.14199048287","2053.10327921275","2310.19699820442","2569.18182363887","2846.99335735773","3270.7810304062","3814.3142290779","4629.45676400154","5424.36847756962","6466.15683473424","7187.90484128028","7590.75442423046","7956.47430919648","8153.73786307269","8624.62016806628","9351.48753768505","9034.47552907143","9756.08717951992","10336.2591617838","10906.8785406961","11342.3349230913","12027.4949768222","11539.1825063308","11658.6949915956","12173.2319860305","13037.8895772257","14368.5708796058","16173.8136329968","18204.5124043068","18786.6743142216","16472.2478528568","15217.3950790922","14911.7275084471","15639.8078114787","15051.5113587425","15532.1062063584","16077.6340769406","16556.8551801588","16965.7288273816","18273.4270684912","18896.3721832248","15369.6082250401","17348.6006987182","20003.3909394099","22012.2625947994","23059.8330702839","24819.2454680158",
"Australia","AUS","GDP per capita (current US$)","NY.GDP.PCAP.CD","1813.43109917039","1880.48489498232","1857.56127281956","1970.17748417817","2134.48946124608","2284.35582738664","2347.37656646515","2583.9075241973","2728.23426114901","2995.86119857452","3309.76306254362","3500.33603195606","3955.22430403017","4777.513168995","6491.74521621099","7013.67159761514","7497.28175413577","7786.4080406928","8264.43890373653","9307.82127950011","10223.2886675105","11870.8633077339","12797.6758959809","11532.4028055582","12436.2969052038","11455.379711213","11406.1093011037","11665.5298271811","14303.093047615","17857.5520554588","18273.561526468","18885.4274465057","18650.3675476612","17724.5399501656","18155.6282000179","20479.1748274233","22055.838490507","23683.4948964934","21516.0403147759","20749.6443779096","21908.9968019784","19733.6510102645","20335.0960191023","23757.5898471684","30886.0500949401","34535.20727091","36658.8243476122","41128.2476618402","49811.2067218988","42954.8494884573","52313.8939041213","62799.3895017032","68301.4402512587","68476.6788496118","62817.2061751737","56970.3613028094","50084.4440606385","54117.547718609","57410.1737346009","55194.7585097428","51983.4523666382","60758.9044397144","65169.5191118657","65058.3773146674","64609.9865116088","65129.7227990563",
"Austria","AUT","GDP per capita (current US$)","NY.GDP.PCAP.CD","939.914814681174","1036.72820436083","1093.01419061569","1172.55744626178","1275.45715281679","1381.07725824421","1494.04911382106","1577.14147705169","1685.66211669148","1834.0780781796","2050.7051537705","2371.65247955003","2912.59577111524","3875.48305618551","4612.61920779656","5264.91772004051","5656.1451383787","6783.95142193665","8173.32926347245","9755.4044562579","10826.9718274995","9348.48832395232","9373.48820626125","9500.05070417494","8955.84829191534","9136.17092559695","13031.8281010744","16328.5613047296","17509.7658683817","17400.5226619741","21596.068219998","22323.1312492943","24782.7118767063","23987.2037240657","25546.2460525087","30207.0674314652","29645.9451251491","26571.7523626508","27212.4642905708","27078.7081612201","24487.2974685956","24430.495982841","26334.862215032","32110.1159661425","36614.2506533707","38157.37022862","40382.2078298575","46622.9622913635","51581.3982361071","47857.4446635266","46611.1393420232","51116.8953522042","48250.4059142637","50305.3545774973","51314.9722616322","43915.228020857","45061.4993920192","47163.7425775142","51194.0749841299","49885.9947355204","48716.4098900349","53648.6437976214","52336.7725223758","56579.504175468","58268.8787651601","62930.0351324599",
"Azerbaijan","AZE","GDP per capita (current US$)","NY.GDP.PCAP.CD","","","","","","","","","","","","","","","","","","","","","","","","","","","","","","","1238.27189274842","734.944232805688","60.2351205405972","209.530954548425","157.063549947072","314.55801908334","409.185543774103","505.516204188336","561.906807871869","573.893528734031","655.097249579917","703.670998584686","763.108895463487","883.692580745256","1045.0136328106","1578.36733030667","2472.95725732287","3851.33015175141","5574.46810432575","4950.39949009423","5843.5337683582","7189.81869211976","7495.86527658099","7875.34536661549","7890.84028062087","5500.50364628486","3880.6852276838","4147.1981423222","4739.7943123408","4805.75371765917","4229.91064904503","5408.04535175023","7770.594223351","7133.02838048328","7294.64276088105","7410.72281660142",
"Burundi","BDI","GDP per capita (current US$)","NY.GDP.PCAP.CD","70.9051000304602","71.601929936627","73.4195979769892","78.3711983234119","85.3337286665685","50.613304005219","51.4128738171299","54.0181425269089","54.1949782672812","55.058838902942","68.7543539795049","69.8982817558359","68.2321917909931","84.2581069284158","93.2240048340913","110.884827490053","115.492131774523","137.448044387076","148.823232512919","186.152273604962","209.805736668168","212.23033189707","216.43619143507","225.209524508283","200.375711827241","228.440542564696","234.281244809988","215.608311467483","201.740400815807","203.578944192449","202.629446176297","204.668258398817","184.868970456447","165.344120319403","161.892584261635","164.915311679326","143.156741187159","160.278342046962","144.456948255536","127.51419578119","134.537861752389","132.159554541932","120.952308575468","111.406682804391","125.194965184533","147.234619294225","161.892755640319","166.162744906755","189.502074570768","198.431524048225","216.727705301976","230.069761381132","231.098787811507","234.844770150871","250.544492155185","254.402585226788","232.937812100153","246.060725714184","245.661678332009","234.31061590725","252.702452750006","264.172844085398","301.832255755105","249.795164039029","216.231928531758","233.823013385395",
"Belgium","BEL","GDP per capita (current US$)","NY.GDP.PCAP.CD","1290.28607216192","1367.78885228138","1457.26516998378","1555.02293182578","1724.01894179056","1859.50998671639","1983.13119821777","2113.82194132888","2251.31575906782","2490.1071730838","2765.89099664794","3082.92798879126","3831.63189999433","4900.96220075866","5733.79813933878","6701.37736052433","7243.04734119583","8426.94695947372","10289.7684173296","11810.6158754725","12864.0025661396","10622.8024830789","9343.86109959618","8846.23429846974","8457.26880316374","8750.81851250536","12170.0406962702","15135.8523116968","16391.093827791","16525.0617432848","20600.3752789827","21041.6606519648","23372.619171015","22283.9360213551","24208.5547931447","28413.8264387368","27489.5551770488","24820.9380503896","25338.4432934904","25252.8019066564","23098.8865077401","23015.0712632462","25006.191397109","30655.2092679024","35429.4077933344","36809.7013403619","38705.1067959147","44319.165448813","48303.397956286","44923.3400135081","44197.393671162","47760.8298776546","44874.1709182123","46964.5946777056","47995.7786961339","40893.804537772","41854.5498296444","44035.3239358548","47487.2100392561","46716.6227467964","45906.2875805246","51658.238294958","50639.0264882739","55244.68145811","56581.9375642531","60750.2735864647",
"Benin","BEN","GDP per capita (current US$)","NY.GDP.PCAP.CD","89.8569246539715","92.085848129765","90.7738610077473","95.7167369761973","99.7850246017255","105.117986938927","107.637211853532","106.58624185995","111.211494175445","110.314794748212","108.848779482547","106.889292742067","127.927157014331","153.609468135703","164.946594142916","196.455786019338","197.726361142541","207.012962247396","249.802926180538","310.651387084352","358.003054209903","319.718185970269","305.0040635075","255.983601560726","238.574457355381","230.434117218913","285.771551064424","324.253765166191","326.179757700303","293.321949550953","371.101604332357","364.689296016645","301.77329696287","387.310054813122","262.129807445074","348.435238914394","369.394384135736","344.550491498963","361.601983057505","525.130597245974","487.424141384242","492.401499509072","546.463829658159","676.002878084282","758.695803786371","779.437777753268","809.147072506221","912.338247188342","1060.60254502099","1024.10277858112","973.244254931526","1059.41358852588","1071.5258366283","1168.92699279226","1204.39918670094","1002.41886879614","1010.5338961993","1054.97408066814","1151.7409703472","1130.82135339795","1200.19426557789","1318.65158075198","1266.42711031904","1394.17784721831","1485.38018885134","1658.27312662991",
"Burkina Faso","BFA","GDP per capita (current US$)","NY.GDP.PCAP.CD","69.1502456087615","72.2423787062462","77.1529279288175","78.9087736712073","80.9147887718582","82.0746159924647","82.8360664864243","84.6272011419546","84.9737848392287","86.7555395725224","81.707563219742","84.5149375676447","99.6335814933813","114.137669473515","124.671435503255","152.901529606747","155.485422740659","175.963864454284","223.879111971163","258.501729034845","277.597531370181","248.707973908892","239.019483569339","211.925740542196","187.832224278391","194.063226299244","247.459134637104","280.218092226592","301.129214663833","293.188703727147","338.593759055128","333.70605512636","348.592443894547","324.111576707435","187.21142372606","229.092294496817","242.733171352672","223.853958525611","249.53173292493","292.836958697313","248.908526921752","259.485223380436","285.654087637533","362.373899996953","403.81283743461","441.164148016012","455.513655620024","514.684451177238","619.437533256264","601.569520671859","624.957252224766","725.024767725475","731.470138867833","759.762065168498","764.861675106225","630.124750752312","663.742364842886","709.091535894695","777.465618514048","764.853077774946","825.237038782475","895.535288442991","827.330843486661","873.198061670247","982.493100418428","1147.57131635601",
"Bangladesh","BGD","GDP per capita (current US$)","NY.GDP.PCAP.CD","82.4812774116354","90.3685786294248","92.5894211769315","94.1423742967849","92.5782977938389","98.6041470420746","104.42205467886","114.209881696109","114.414967470375","125.880311698198","130.218160844955","124.533963099152","87.773765191476","109.691726756912","164.986393602814","249.804254016022","126.693044204437","117.887771379224","158.324255152285","181.130706703135","206.075714312155","224.241392391192","199.595944646851","184.70677287459","193.435020976238","222.22018039634","212.14899385306","231.499584520483","247.901465967332","263.005720827547","283.053737055234","272.064948495878","273.465072520272","280.757274450366","280.603031791216","309.458680823367","371.917937677345","379.284917709635","385.616881752796","388.095684268235","396.670730249751","394.65641001891","393.886422327628","426.74880754362","455.614016909798","480.08585075452","490.388026533289","537.955492792911","613.06204104124","679.211477428056","757.385280361508","837.336944695647","859.680536375497","958.262989798283","1094.46199702838","1224.38647668165","1649.28380858601","1811.08221668646","1965.24372731467","2129.79896954606","2248.85078828233","2482.84917843357","2716.48592780431","2551.01773827307","2593.41611680774","2597.34352335275",
"Bulgaria","BGR","GDP per capita (current US$)","NY.GDP.PCAP.CD","","","","","","","","","","","","","","","","","","","","","2261.40777337626","2255.69919739254","2220.77040858016","1897.05569911743","1943.03299680243","1959.95517315529","2261.7950288324","3168.83077926411","2561.16929364177","2449.74147116744","2377.3707947508","883.739622070812","1007.34296439412","1278.5223581096","1149.89347084177","2259.36679369328","1470.26721873691","1361.47904618155","1820.5415264678","1660.9935924411","1621.3452487867","1770.99748249575","2093.08967660564","2719.63335037372","3389.86047992391","3900.02501966492","4523.37797301782","5888.87094585161","7271.67443724077","6988.63048446496","6854.2987837778","7849.98219737366","7432.33753378983","7796.37945241455","8070.01289303544","7269.02586513711","7822.89886431732","8697.13373333715","9849.88769989118","10354.2500414088","10760.7616180234","12966.8085197381","13999.9113358453","15854.0192893772","17596.9167621233","20328.1667065538",
"Bahrain","BHR","GDP per capita (current US$)","NY.GDP.PCAP.CD","","","","","","","","","","","1741.82245407152","1829.74070543315","2205.917004377","2981.09253134976","3873.71629107511","3880.44047162927","5310.19132615533","6358.42084195442","6925.98893207436","7890.82982494874","9732.72587186027","10556.5091718735","10712.1529364009","10598.8427157127","10696.9331055208","9648.65643032674","7776.95657736318","8332.91425406054","8771.7853534009","8833.41134256929","9342.53891401688","10434.1323962786","10460.1583222808","11151.871495742","11629.3595219612","11900.9317778335","12091.7802188235","12254.6662583128","11625.0343768343","12123.3534715368","14214.4836839343","13573.2339887597","13501.4708801425","14486.0269029822","15963.9493171617","17966.1657837625","19267.282615072","20908.4042548073","23299.4992780392","19465.3140745038","21819.3291098099","25032.7867743333","26438.6733230428","26989.7601148469","26451.7965647453","23734.0551143019","23800.001440631","24784.7693514607","26324.4066549559","27259.7438599327","24342.8444554718","27147.8083882286","30470.5219276023","29290.1284215098","29717.1424605273","30596.5794898885",
"Bahamas, The","BHS","GDP per capita (current US$)","NY.GDP.PCAP.CD","1459.25382495907","1555.04660837439","1651.21861850222","1759.23692156911","1883.44386022276","2029.52341329301","2239.23963996539","2452.74763198925","2668.01498039262","3026.72757204421","2916.49998378221","3004.34356612542","3013.95016704496","3341.2852169669","3079.74014083821","2840.58965343091","2993.45923795227","3253.37543404956","3720.04057901064","4994.08535249529","5742.58362505698","6028.80641044063","6559.46869259478","7081.38194836084","8201.70133768379","9167.14687502469","9600.599527833","10361.3488079104","10575.797153666","11291.4764472044","11473.3008389353","11082.3528573617","10873.4047501635","10613.0658785813","10991.2346674131","11374.6056703852","11783.797197226","20367.5732702056","21667.448821694","24041.0933188158","24940.0775086078","25371.9237667614","26781.6195938652","26429.1247787663","26650.2934234303","28602.4181869995","29184.7865087908","30051.8489587756","29392.3824416397","27512.9130950084","27473.100430502","27090.8376801379","28552.0242683151","27642.7419759179","29137.2175632622","30719.405417469","30616.5363157284","31875.4881749619","32642.3353203452","33640.3369861278","26178.7537607708","30367.8605757708","34957.1613279737","38231.774484278","39455.4466548546","",
"Bosnia and Herzegovina","BIH","GDP per capita (current US$)","NY.GDP.PCAP.CD","","","","","","","","","","","","","","","","","","","","","","","","","","","","","","","1742.88262171767","1373.37104472973","1118.17569934079","929.872118717018","337.090896023259","502.365980975339","718.933797141505","913.813399054859","1006.70479669823","1134.60298042083","1338.48059636261","1387.89362942121","1606.5467454132","2033.94700935864","2452.6860917386","2739.61076866057","3166.12865344833","3931.48948737505","4841.69311934649","4539.91863774968","4506.47828548389","4982.69375768263","4693.78899115381","5034.56634817068","5206.06573475132","4662.25869219448","4928.5665903114","5345.01978766473","6047.84707207392","6122.37541352353","6130.31187968266","7295.34378682258","7655.59421024383","8663.02326458629","9397.90942855997","10381.8460703874",
"Belarus","BLR","GDP per capita (current US$)","NY.GDP.PCAP.CD","","","","","","","","","","","","","","","","","","","","","","","","","","","","","","","1706.64091882343","1805.45592531527","1658.08641281239","1589.51011343649","1460.00791360458","1370.69991385664","1427.26896385327","1396.44201900881","1511.32531567314","1210.6117195862","1276.2880341","1244.37318523431","1479.38066337175","1819.52653114699","2378.33700470129","3126.07176665248","3848.22350300163","4735.48107556066","6376.17569162063","5352.48809190697","6034.67885177216","6527.6593428786","6953.21591683101","7998.0802045456","8341.31809294883","5967.05595058777","5039.77560949445","5785.54491935194","6360.037502312","6837.77339645635","6542.85579976768","7489.71894713888","7994.64806074889","7896.75388295584","8605.60954569694","10279.2547190723",
"Belize","BLZ","GDP per capita (current US$)","NY.GDP.PCAP.CD","307.414508338751","320.029476728041","331.704794335727","341.932583787017","356.235408350011","383.186435252354","411.933019943696","426.264071353746","392.282566057727","401.557990513297","441.7894689257","481.04464147376","529.356647508447","618.567502314442","804.777863602367","906.486277401685","729.488780751524","865.792901454885","982.604370174389","1071.443696269","1774.4136989701","1752.51703789335","1629.32322940976","1677.25548155115","1814.18859813551","1754.01108696183","1859.10214020555","2165.89431416265","2405.81116565818","2741.93638439592","2986.46962075029","3190.13098802395","3642.9480634402","3859.6584437307","3876.69327011457","4009.82752539849","4043.26517997242","4014.40380600241","4125.92539958166","4289.5277590653","4726.50675459616","4718.77715104739","4858.86062599362","4959.74012434605","5153.71308265363","5270.41479135312","5524.78167834986","5762.21023302938","5711.81458859709","5399.67100001919","5461.40735999001","5596.05222152289","5732.66519942347","5957.34953619006","6128.12053089077","6154.62264230369","6140.86713919469","6071.85451846453","6011.99036888587","6171.61449761423","5238.54078175696","6142.98930557031","7068.21728043145","7424.75821321022","7681.24400583113","7865.47937690933",
"Bermuda","BMU","GDP per capita (current US$)","NY.GDP.PCAP.CD","1715.31463229719","1773.99531572479","1824.18228260132","1821.79091310101","1986.64081017022","2064.85324792988","2369.47294680018","2722.46233388537","2975.95428934212","3214.04903909874","3574.16928861945","4012.77396544186","4458.08003333144","5090.09179163676","5891.88781664656","6493.6287150144","7259.91355008457","8383.03139417126","8904.94282345455","9664.21884634789","11426.6012333948","13687.7980628553","14442.7902256054","16236.741698158","17866.9174355163","18713.8825139071","20996.9767217163","23042.7435883764","24958.1127004004","26282.6240963434","27665.525808301","28195.7091611479","28761.9634632835","30950.0799102285","31543.0634861641","34115.3445553204","45063.6149332085","48736.6768034299","51629.2814855126","54388.3417315621","56542.9569455727","59490.2452034202","63358.5658652763","67106.8028083224","71692.1589001679","77628.103522508","97781.4558996721","107395.651483891","110268.562401264","104711.712420357","104111.824244802","99049.0169927667","100213.493385287","101704.40746217","100961.576602811","104855.366822135","108747.356144305","112339.425587467","113204.82210838","115798.040775578","106976.546239632","112765.08167306","119969.173269085","132961.760796315","142250.433195123","",
"Bolivia","BOL","GDP per capita (current US$)","NY.GDP.PCAP.CD","101.833417024987","108.528765371499","116.24147429449","122.579067582423","135.228463817406","147.057689573182","159.348482383093","176.073477814252","195.471270062333","207.126019695423","221.568878282044","233.392218893062","261.949887081198","257.213253175457","418.170299516169","468.064116140902","519.734821066353","599.9882290041","682.801036523933","785.198889713429","787.907344889279","1000.59266819668","929.552105072211","881.867606330418","982.109656770748","838.080035867133","604.257233504238","649.708769442851","672.607268146683","675.469993900788","682.67681029538","733.935487602519","759.57113496365","756.637016048451","774.035669644318","852.754034861444","922.113259069714","970.351843368594","1022.14506519545","979.344494964572","975.777060358751","930.168227214313","888.221328974352","893.013760211149","953.191893246277","1020.12326200737","1202.71150446327","1354.54905949929","1692.67248455876","1731.18172112209","1929.78373077158","2315.52121930607","2575.59857098084","2870.02377000756","3041.43503162408","2996.01289811344","3035.87347732132","4048.40119739839","4206.8552936661","4203.15492855788","3580.96761778303","4010.76053686204","4219.46113742445","4274.70820547613","4421.16609889999","5147.81081955367",
"Brazil","BRA","GDP per capita (current US$)","NY.GDP.PCAP.CD","235.266009502589","231.564063269854","250.200572910273","294.169619376733","257.259726897671","268.028760553723","328.343791519407","351.472600370379","373.925432639683","399.49841913391","443.799484982738","500.001988983361","583.492034946156","814.731780553415","1044.76980947499","1200.55823714607","1389.74952306555","1562.29143045708","1732.50012204556","1869.7133759549","1958.57159232662","2079.70908377484","2137.6250359394","1461.25582714178","1419.73154606978","1556.1297180511","1854.03775211919","2006.00226235757","2140.65027561164","2818.99277980122","2581.14187449078","2257.6092968885","2127.31642731638","2348.88247685352","3298.71250747787","4756.74840785403","5179.13052002464","5299.39630404412","5105.89099544117","3493.57162513699","3766.54811466032","3176.28935747524","2855.94018885769","3090.6070097455","3663.823188064","4827.78173074714","5934.14470924968","7409.69130673473","8908.33176538648","8678.6592244676","11403.2821278747","13396.6243562986","12521.7213519966","12458.8912138813","12274.9939689363","8936.19661712113","8836.28652735657","10080.5092819305","9300.66164923219","9029.83326681073","7074.19378337644","7972.5366498646","9281.33334441234","10377.5892792557","10310.5486973693","10713.2856869511",
"Barbados","BRB","GDP per capita (current US$)","NY.GDP.PCAP.CD","346.575456793331","366.135499084709","377.438456365881","420.504389538497","413.625432165232","433.228679761215","462.028452555116","508.128619491284","505.889066146294","566.833205048027","666.475008721385","749.801351020502","856.071973120587","1041.72956280824","1243.35417471937","1601.18883256516","1733.64540764741","1967.59344395667","2197.89906243719","2667.90751006045","4024.58856621204","4416.71519879857","4598.7626399513","4866.35999061756","5283.57944099441","5509.8746029115","6031.35860779383","6624.59939505809","7032.65370811416","7772.55022803365","7781.40573306125","7790.26229439159","7519.20143544898","7904.70762426389","8223.16681181719","8460.47380869104","9011.77884838722","9521.57127377123","10734.3637242884","11244.3087668392","11674.6736471764","11639.5160522054","11760.4524736133","12075.9587020649","12886.3665272467","14214.4202213572","15619.6005955511","17235.4396434785","17565.6929970592","16294.9099491834","19723.2381931602","20146.2381264508","19811.2953079751","20384.4910233555","20423.7177921163","20429.4747123553","20311.4094163764","20870.7596432179","21378.2201267496","21929.435611489","19180.9915228365","21084.4013935998","24393.2193483944","25583.8722302505","26897.2002039176","28364.8181499736",
"Brunei Darussalam","BRN","GDP per capita (current US$)","NY.GDP.PCAP.CD","","","","","","1028.88450343084","1145.70592233266","1148.84303232869","1274.0903793851","1226.43698889034","1325.15598362979","1432.16600656705","1904.66760457331","2938.85095702716","15194.792305663","15793.1312553958","18671.3624129294","21746.8559126458","23446.5341231193","33501.2782714145","58005.3424763282","48793.4422577232","45074.5499241983","38720.0939254718","36061.3815259405","31827.4059557344","18500.5408625966","21029.7189772961","18824.7637309359","20090.0690184766","23658.7166330381","23932.1897281583","23450.8964055243","22397.0737447404","22766.587177075","26443.2564746713","25692.2357348562","25522.3975038009","17769.2463451942","19752.2013255542","20130.2572346624","18287.8272281914","18621.2922577525","20677.9001143188","24423.0946995548","29386.2703822862","34674.7995236452","36217.3290706015","42156.5685838672","30946.4673773828","34937.5555357155","46382.8274255349","46968.5971164922","44003.0644273461","41026.5084247957","30625.1287744656","26663.2972950602","28024.3824580252","30988.1190267227","30426.5730656528","26834.3592233943","31006.9636289785","36632.9280952155","32890.5491812019","33153.4738913513","32234.6428368582",
"Bhutan","BTN","GDP per capita (current US$)","NY.GDP.PCAP.CD","","","","","","","","","","","200.345229822469","207.666560128876","212.375150813633","230.90176999619","262.777366220031","237.350734416968","233.721532349196","249.935358333789","232.172369685589","251.378805345213","296.880510831581","310.77041169131","305.824658960335","328.204016909505","325.545257021725","321.186830951891","364.694569557154","449.060443850487","488.877757351253","461.654618792732","488.327431477129","400.634705187075","415.791522568451","407.39984249657","467.008312125283","530.103676927417","552.873891403681","630.447410148304","638.278962310609","685.419830628567","771.924911410619","812.238210772056","895.799489930972","1022.38240311018","1130.35934606796","1299.94938578359","1405.6071618158","1850.41570433398","1919.59774896395","1918.39599211093","2435.5798056672","2787.97967608562","2751.2128864294","2679.95217201538","2849.49998647303","2954.04081911097","3152.30905106786","3435.28804735662","3400.20417245342","3576.87987100503","3191.66906999331","3570.61257980872","3711.32767981591","3831.32535564326","4228.05102403654","4492.78400306618",
"Botswana","BWA","GDP per capita (current US$)","NY.GDP.PCAP.CD","58.9180081084204","62.3224006926623","65.9864503023827","68.8864104749411","73.4925773235308","79.6790756588049","89.0615737768069","100.945124635152","113.445716733931","131.776574536345","163.031832252562","212.244206736036","264.233716807813","374.189409146144","446.487855432073","493.029472690457","490.469570533565","564.831748249189","695.219336897052","909.207133285411","1131.63379014463","1107.02810145663","1005.62456165727","1120.53239354023","1145.02903810762","993.616748339174","1199.84677856226","1638.82669390133","2140.51439180359","2427.68261967121","2903.15381562611","2938.59442659608","3004.61263362306","2929.43119022452","2917.25514197806","3156.18194514079","3156.26865681161","3194.18106145858","2981.19639702109","3339.99596033431","3450.81180622992","3206.07123689853","3117.25087183011","4230.12326909926","4956.69287735214","5391.07076619634","5291.58379144849","5529.12574632532","5503.07395314313","5082.93388332404","6215.73216077919","7287.38295334919","6595.53845015424","6666.91219583487","7122.36423421503","6141.20394726616","6749.05994339013","7104.96401088027","7407.95940141786","7172.08956480028","6323.2974967659","7807.88794570471","8328.7090572666","7827.30027960734","7649.81663744354","7778.1151090571",
"Central African Republic","CAF","GDP per capita (current US$)","NY.GDP.PCAP.CD","65.8829629770666","70.988125923024","70.404229268492","71.7551875686265","77.2050398029084","80.184506042463","82.3374694570342","83.562965105064","95.6398392122972","91.6587059467658","90.1578442993038","94.0721472956876","105.468061578138","121.824846111542","124.000349692552","163.644668287845","192.09699080748","213.785550996675","254.624087711594","289.118938225139","325.254770299088","280.343391789938","298.444544895201","259.588394525784","248.313551025498","332.515358450814","426.02699258009","449.952130096608","466.070596898859","443.226859814307","501.656200636394","464.828283626364","461.587303490896","404.954546941526","261.260397409459","333.145863233895","293.306575328658","265.5212823896","266.570544600384","267.995954011083","239.154133726071","237.951702544735","248.639290978403","278.403992150941","303.461321152782","311.950023138687","333.942519903031","380.887048839475","437.24827472489","456.471673898404","476.873786950728","534.057281471636","544.395849142785","364.36696260838","409.8504859647","366.322853938121","387.176203444318","432.324025684263","455.243962859534","449.228467602439","462.879071294011","492.263142830507","467.359825026238","495.978897288721","516.160999996036","556.131398031455",
"Canada","CAN","GDP per capita (current US$)","NY.GDP.PCAP.CD","2264.94849658191","2246.08356619252","2274.4284708191","2380.31732899108","2561.63849088572","2777.18317301162","3055.28807884507","3226.38273682011","3473.23722551871","3776.15613110238","4135.82149842006","4535.39338907773","5106.73708049128","5858.33407318788","7056.70847496589","7536.52009823861","8838.94710677652","8949.10989272982","9154.43325277735","10077.5026707269","11208.2027394178","12379.0368643833","12527.3135323802","13477.1031699599","13930.4745502555","14170.1249406067","14521.1800806","16377.6902109541","19012.5723278349","20794.682233334","21525.8611387148","21846.7930471354","20950.3305287651","20186.7988782965","19997.6237373354","20679.634792669","21296.9723536904","21901.5870048928","21024.5627149423","22315.3130930482","24271.0020563821","23822.096210932","24256.0598742201","28301.9097055898","32145.5653280273","36383.9671341396","40504.8490329826","44660.0838892281","46710.3654423328","40874.9612318547","47560.8378831258","52224.1237767406","52670.1429540952","52637.7313222622","50960.8942086685","43594.2379080706","42314.1033623905","45129.7335281051","46539.2177903178","46352.9695208927","43537.8981198851","52886.6407813788","56496.9275340663","54847.5370112652","55015.7066917734","55697.6639660837",
"Central Europe and the Baltics","CEB","GDP per capita (current US$)","NY.GDP.PCAP.CD","","","","","","","","","","","","","","","","","","","","","","","","","","","","","","","2499.27257852336","2210.9787139865","2291.9023752698","2432.47857989634","2767.1681470785","3539.72488134844","3750.80309376233","3704.23882396044","4053.33261097035","3909.23972626165","3880.42695915578","4274.13236367221","4843.41064833504","5828.29660100317","7046.22188812688","8223.09810996167","9337.74049720614","11906.4959653819","14534.2467521669","12302.0593290327","12635.7782121319","13997.3297794653","13104.0873095326","13712.7077940364","14208.4390487349","12596.9151136003","12874.7280619541","14339.8488594791","16227.2845341706","16534.9661895205","16581.3833261524","19224.3287744219","19526.2463443821","22693.9504470566","24616.0957872816","27676.9389653713",
"Switzerland","CHE","GDP per capita (current US$)","NY.GDP.PCAP.CD","1983.75994678387","2187.92946234895","2365.59424572722","2546.27332990135","2776.1414535837","2908.41985216952","3090.72694245252","3286.0540740821","3464.929898863","3712.31667951881","4105.36413250043","4907.59287729073","5973.4501067982","7974.29599499321","9140.4774820335","10483.7383169758","11028.6902695066","11819.0992661464","16527.5418872075","18540.7939017858","19686.1176580085","17931.1995616883","18271.2022643537","18128.3445973503","17247.2788344951","17410.5515558783","24828.4274790847","30899.2043209944","33183.0267583533","31780.4259301316","40170.8696758305","40140.3718874038","41327.1832947809","39828.3640333356","43741.1064805172","50868.9734516769","48837.8072568268","42159.9962722039","43165.639648677","42260.8690492557","39298.0968042444","40133.6101965261","43094.2492848494","49947.3910175152","55349.6164595028","57080.0704338193","59910.293405504","66082.1233977532","75147.5376709155","72788.2049524379","77956.1262043942","91910.3964565203","87269.5594780124","88851.2374497983","90511.6484558843","85265.06205193","83432.4111596314","83610.248611484","87002.3382293532","85872.9702303454","87529.7016394892","96582.8687080693","97809.095567203","104449.75451772","107702.065940312","114769.012314293",
"Channel Islands","CHI","GDP per capita (current US$)","NY.GDP.PCAP.CD","","","","","","","","","","","","","","","","","","","","","","","","","","","","","","","","","","","","","","","40472.6653548172","42443.7199726991","43479.1940767689","41873.7406146127","44459.7318188977","48570.7796632166","56259.5344226334","57647.1188908006","62745.1006593557","74139.97799443","","57778.5407063052","56123.4597963451","60415.2632075658","58809.5698945413","59308.4666588674","64697.5485024325","61847.8212238857","55947.579811974","55806.3554257428","60784.8125397162","60564.6293993681","56785.9402005039","66915.3963925722","67627.1417347907","74585.5224096294","","",
"Chile","CHL","GDP per capita (current US$)","NY.GDP.PCAP.CD","516.487539077836","594.436306222113","678.584336588862","657.719196593697","685.970202891974","686.123541995524","790.361773771396","764.265128656993","765.847401648627","873.581889905917","940.648345061287","1098.91469956231","1185.04994801594","1666.99542750899","1578.5836760852","732.054406775965","970.957314866348","1296.86854720323","1465.45605636916","1962.08185606537","2570.84311890682","3012.3447816477","1663.28043251256","1715.40345654344","1636.22476246476","1446.80604557863","1524.97809458987","1767.41389670161","2013.53987790886","2277.84764297202","2487.76829657299","2798.34262413795","3351.84108855522","3540.91377313015","4012.10159912285","5081.4682771561","5333.50438729711","5741.95842989596","5419.82417297191","4933.55581516755","5052.99245766325","4563.5952986689","4430.84741157984","4773.40177520754","6120.59152055344","7480.32330998636","9318.65655296121","10346.4138184533","10683.2188772511","10098.8017167286","12632.8704724192","14487.3927832032","15241.9069981119","15683.5486369155","14529.6767206336","13433.9202987032","13649.8520452803","14879.9086227187","15659.4808675628","14496.9345640362","13117.9930230086","16216.1840860289","15399.1044717559","17081.5180740049","16658.9652720351","17994.5911957485",
"China","CHN","GDP per capita (current US$)","NY.GDP.PCAP.CD","89.7150749167731","75.9655011127574","71.0616845971262","74.4681540864463","85.6611074645449","98.6681688740435","104.50646350178","96.7614480104016","91.6454581848979","100.308139479526","113.346243039894","118.84249157909","132.097410431007","157.339888078555","160.402546852304","178.621249282085","165.680987722637","185.728620718294","156.655616850835","184.285853059043","195.149479992051","197.425510967822","203.722788366928","225.86534696156","251.192686463827","295.007445815897","282.445603096707","252.256760114454","284.023573149686","311.429461227032","318.50335359039","334.130288119078","367.822651903542","378.939353053314","475.677874448369","612.680277898627","713.337387811657","786.743548510999","835.095348597432","881.146614068925","969.199513696287","1065.40597574519","1163.55957673426","1306.97245408557","1530.92726215723","1777.64496828464","2129.25696999613","2734.72709877693","3523.44302065213","3898.24459158811","4629.24551710077","5703.76027973346","6405.0574241349","7147.03518622344","7781.06597484974","8175.33285077393","8254.86859320357","8979.67652709856","10085.6638148819","10342.9009524335","10627.4637989619","12887.4357242941","12970.6056414327","12951.1782397043","13293.1162269366","13861.970224368",
"Cote d'Ivoire","CIV","GDP per capita (current US$)","NY.GDP.PCAP.CD","148.680788984181","162.262764436326","163.076679659123","185.076825958966","215.506240264261","207.044838566402","221.786392228948","225.620934131463","256.768714344803","262.192286003745","268.957733574566","280.333660150746","312.942348100524","405.568979472686","474.223861362208","574.626405877437","660.538618229175","855.655691363342","1039.11498268738","1157.00139805383","1237.80216768229","985.507547907408","849.479705391045","737.449968695419","708.940252199945","694.951691466923","877.154956751363","929.611362954514","909.534182158689","832.559837958259","885.647842214928","827.241889166985","844.902223806738","804.149657211252","581.888468577405","740.4730999133","1170.23622049666","1124.65674867927","1177.37133815342","1096.13520587572","936.636541348798","924.727294962066","967.815864415991","1111.17135087887","1199.82524528546","1197.74616979415","1230.43056838584","1367.53817722326","1583.97066701372","1540.45393569596","1553.54887048143","1596.62826565998","1546.9460184731","1786.15862031324","1991.36539423404","1814.71855088017","1862.59597081287","1964.29930338343","2130.86619381144","2141.76836170115","2179.72934832935","2455.98127641148","2333.37128301259","2591.9659048119","2727.8935220697","3050.10202257321",
"Cameroon","CMR","GDP per capita (current US$)","NY.GDP.PCAP.CD","119.05394115577","124.593165563331","130.042569873656","131.642014675439","139.228109587718","142.704307565995","145.80598283154","156.621290691062","170.782666507465","175.150496434432","178.488982961305","186.724820408777","220.108720960652","271.757290053085","299.908339494791","386.236450275088","381.429915266252","435.408656274786","581.989336032215","718.356902030319","784.116227118122","749.847541304586","732.250719743892","745.513189491527","771.702146026357","875.337721693686","1178.59374950439","1258.31412766207","1145.16555992416","1000.89261316386","1086.71700937081","1014.82897292999","1005.44897647465","1309.93629975506","700.70950185009","832.006674487689","826.965322327363","783.251601945462","798.745621406677","796.262649784591","708.565731625965","715.470296470585","789.623811072554","988.241276791846","1133.39326749673","1142.62466252106","1191.45458990968","1325.67248215933","1492.14269801453","1461.38999232337","1398.58702025047","1513.96056994878","1449.09874362279","1575.92882118897","1649.4433905949","1415.00009710569","1441.7201725688","1496.08951771242","1610.69641591017","1555.22660476477","1555.60370660749","1672.32657340872","1604.87726954895","1720.47510154506","1830.00833684727","1972.3815800786",
"Congo, Dem. Rep.","COD","GDP per capita (current US$)","NY.GDP.PCAP.CD","220.074550221277","197.080395165053","235.127290601122","376.383370020937","169.949259765221","232.037397382746","252.770361839944","183.291086454789","205.645995783134","257.144636724402","242.219759763837","270.336629028245","290.511803326089","360.562591604638","428.074954493294","444.693899464352","408.42239095403","509.488368681423","615.084195317772","582.089432219357","538.911839414196","455.912227033575","481.7409782053","376.285479915589","259.801889543739","230.132255248427","250.900914044275","230.086415834499","257.725151748806","254.231037905154","254.872656292509","253.79642770809","209.726548794417","263.335582841074","136.542547670676","127.008078734668","127.416132828292","132.323520768553","131.461338858019","96.3192243479286","377.925421481395","142.678142604412","162.38052907429","161.491553524396","180.664764963633","214.539740473519","255.445229568751","294.101615124419","352.900363371995","280.178991035792","352.400398754692","372.514273875789","409.931424783784","460.370334930107","489.175952097319","495.826633014883","459.765036590388","431.052559128788","518.169626875371","504.00419142286","486.425572682256","595.743074403567","687.738587554685","660.21205238997","692.887665085098","806.776000708534",
"Congo, Rep.","COG","GDP per capita (current US$)","NY.GDP.PCAP.CD","124.659670363931","139.872074436703","149.591249938458","150.65075197733","158.061964516344","164.186892761636","177.551344246999","185.656603616519","190.84225732065","195.431023577377","196.7324156078","223.538723764898","276.271849546575","353.380993825585","369.945183927696","471.473628201515","452.578147155598","448.136782421875","502.704251443805","670.245223116511","932.646715470458","1066.18677734612","1130.97081000634","1075.34825792814","1097.04958637388","1049.31821372865","872.048697635314","1052.33893542503","984.376285838246","1032.8649749016","1175.66709098428","1112.53521242945","1164.22442980292","1034.37200809816","661.904273689712","769.606794842829","898.794050151577","804.304050086499","660.379775085784","776.416349733937","1024.30159109181","854.598314408095","905.538135544704","1016.82363412143","1306.10136324599","1799.05158366154","2103.5821381211","2206.47101863414","2832.09177777643","2271.15219175966","2946.55798067708","3396.16505817952","3732.32737320389","3697.41705884249","3601.2365808718","2439.35189403696","2093.10728558843","2211.63309874797","2694.43413191427","2488.42466724916","1993.586671931","2516.16255145432","2620.83804267402","2477.97845544866","2482.2489948456","2514.73393584747",
"Colombia","COL","GDP per capita (current US$)","NY.GDP.PCAP.CD","258.304433616071","282.099440509948","298.544207818945","282.588330302742","338.675935298365","317.064563351518","290.253385958132","302.832507824134","301.526502784249","317.868798055367","345.879101568471","366.825167940364","397.41211740514","462.064375734059","541.749901587091","561.098036100584","643.007914496566","798.203021638873","932.392695058624","1095.0313839164","1279.50116658241","1362.18332520058","1425.39936771371","1383.7924605368","1335.52821812362","1192.21849833568","1169.46212069392","1192.58828638182","1259.6174112078","1244.3269459081","1474.8455285342","1485.73971889208","1730.39091795329","1929.26721811738","2325.91872973374","2583.66576349858","2664.64056059983","2873.2814350993","2604.87166959518","2241.22911801216","2555.00751039968","2472.99084035833","2428.92969771584","2311.94218760291","2818.57195413044","3456.06610874512","3789.85361217027","4769.926147194","5541.83629665898","5250.97292433518","6398.2958447102","7400.9940695669","8108.59838244229","8279.10255642981","8187.20824890084","6248.51490534512","5959.84250367574","6479.53231292429","6816.96818309544","6472.54544924705","5339.68711357943","6222.62164397614","6680.44506854481","7012.49169137756","7951.08624019412","8561.62091854449",
"Comoros","COM","GDP per capita (current US$)","NY.GDP.PCAP.CD","","","","","","","","","","","","","","","","","","","","","720.685109658453","613.038043236083","566.033006092361","534.247684014857","500.752665003745","494.254932645725","646.461974891796","763.310316408075","797.801503027398","758.861242815325","903.20430581841","879.348889291867","938.595399659213","903.033729112507","652.898017688557","800.623567802959","786.380773511866","714.519968676115","704.479817408486","707.228776682623","633.309032776244","681.163857619963","764.61349832543","959.691049354812","1072.28409029621","1105.78796866788","1138.47908404345","1289.73631056361","1455.02768595586","1410.30516959473","1386.57533553376","1531.43969320468","1490.31425650871","1603.32653496691","1615.71709756316","1329.37048235986","1365.48403444497","1423.9248027797","1540.71132257526","1519.26386436068","1527.16991011916","1587.72988658008","1533.87755393614","1723.89474946474","1857.87060684189","2055.75921566281",
"Cabo Verde","CPV","GDP per capita (current US$)","NY.GDP.PCAP.CD","","","","","","","","","","","","","","","","","","","","","439.982602420059","425.407688720331","422.664667963472","410.112646734121","385.451419954827","396.494191452033","541.142985647338","658.415191378217","729.470012847852","727.151685588784","817.442925539738","831.61388764249","907.847909529157","1220.04997868613","991.108974352157","1165.13832331934","1179.51522705182","1133.57422614008","1186.74294773086","1326.74466945164","1189.51479345891","1223.33055331575","1328.57874270666","1717.97565369655","1929.49081468781","2004.14680417563","2256.99666191075","3324.57675212498","3908.64885822576","3659.72046361628","3579.46006137809","4002.01386888785","3736.81517011087","3960.97596791345","3985.60706548134","3415.06266730931","3608.96605234906","3893.09571382506","4294.96510035729","4380.78117331128","3539.22661248299","3971.44409203423","4323.31362032709","4794.90119772843","5170.20531932535","5796.47207860911",
"Costa Rica","CRI","GDP per capita (current US$)","NY.GDP.PCAP.CD","382.309121831519","355.844447873806","335.221589042255","345.505369052711","353.710896791701","373.835690063441","395.15249847305","413.996506036274","444.805256869954","477.081346742249","535.539679724977","570.360229534426","638.851011611456","768.944717412776","817.076691410389","936.993196686988","1123.28179124262","1393.37513762224","1555.83716115258","1734.59560248294","2020.99067534283","1068.04672232202","1032.40548167496","1212.55765296791","1372.20149843952","1429.37836415122","1568.5640969552","1567.0320510901","1554.74048522018","1725.13936155907","1829.6687089559","2253.3819611182","2612.38762395528","2840.38709085425","3039.56331706225","3275.25258510331","3226.96401664833","3407.77611260904","3617.45758013205","3690.9615476017","3812.75386183689","3985.12987980056","4067.71854177094","4173.14853766977","4431.01172024063","4703.00720463794","5256.59641275583","6137.71199435022","6937.24261660254","6832.69828187486","8265.78820580299","9276.39109377477","10126.9991155066","10803.2401795009","10911.4978703456","11714.7106121672","12091.0301560892","12317.0902779911","12620.0207321581","12951.8588421841","12475.6852076814","12962.2716075659","13971.7649991294","17140.771430122","18853.2828705886","19970.0989059622",
"Caribbean small states","CSS","GDP per capita (current US$)","NY.GDP.PCAP.CD","455.490441600162","486.571129974937","507.847334102197","530.733580669034","555.235936722189","584.032636917524","609.204934699445","654.511741813167","659.557119858247","704.371934968721","730.704086817937","780.664219545997","858.37605232848","987.049904340167","1295.57997042313","1474.07313726819","1497.92274413475","1786.9463308162","2023.78593701824","2491.90112105547","3199.78302389516","3496.70815196286","3851.96097447913","3793.64092639991","3908.46277598906","3907.19546019831","3307.33904696522","3439.60046333553","3530.0768972102","3468.58939836147","3713.69534828331","3792.22074880024","3842.68138532177","3698.86380689568","3930.33084990997","4144.50619583341","4424.43957767727","5198.5063262239","5558.82422899327","5959.88473285313","6477.26482123395","6647.62547849072","6903.07418576198","7551.08983381761","8233.61082543875","9439.33720644986","10883.0475520742","12134.9066978741","13890.1303094208","11554.0589194758","12652.5691256578","13503.1582761636","14225.6111466707","14575.4918879542","14962.943351851","14497.8798625347","13377.8260731233","13708.7525902396","13896.5484095788","13995.7626558947","11961.4085449634","13996.4475071755","17449.5193422186","17609.6827071212","19923.5745910977","20880.0606776787",
"Cuba","CUB","GDP per capita (current US$)","NY.GDP.PCAP.CD","","","","","","","","","","","645.144917797076","770.084969682323","891.631749208781","1079.13081526456","1216.74148211883","1374.2396398274","1440.73046137146","1472.37881716617","1837.39107006762","2005.91326318373","2030.93362280165","2045.85231227999","2113.80858874548","2222.48851241339","2386.44595066854","2256.56948668495","2364.89559789307","2439.58400332393","2632.04176839158","2565.54117909344","2694.31697957692","2268.83493247194","2047.67900346421","2063.20366253587","2613.28971869122","2785.24442954103","2282.18809324202","2306.42483397336","2332.30656133119","2561.77980406838","2751.3817714814","2842.96704310394","3005.21104247868","3202.78109865637","3399.21962893402","3786.33799225291","4329.98265964383","4807.43888960684","4986.12436479175","5089.23519757167","5272.26755824835","6104.46105236166","6470.83673392653","6828.36428245396","7146.70459051328","7727.91997207998","8110.55874283616","8610.60829605429","8911.46205998726","9232.26115935183","9605.27914559614","","","","","",
"Curacao","CUW","GDP per capita (current US$)","NY.GDP.PCAP.CD","","","","","","","","","","","","","","","","","","","","","","","","","","","","","","","","","","","","","","","","","15841.2612359949","16609.8454536485","16723.6925253468","16695.7351137757","16671.3403391655","17032.3356620744","17400.1637780186","18005.7165850772","19423.3352430175","19540.2476579348","19847.2310127979","19426.326382752","19809.8223198624","19721.2921646576","19623.029993395","19361.8130008678","18944.0961493998","18938.2440469703","19119.1243941688","19220.6866958303","16299.8134688605","17795.5826483092","20057.1404960105","21217.8109173312","22832.895498987","",
"Cayman Islands","CYM","GDP per capita (current US$)","NY.GDP.PCAP.CD","","","","","","","","","","","","","","","","","","","","","","","","","","","","","","","","","","","","","","","","","","","","","","","87085.0937376216","89888.2618212462","89655.1196222184","81373.5711516642","76837.6699636672","75280.960764889","75101.59136128","75113.7332398618","75845.3060407986","76379.2095108681","77802.2541567187","80053.9444506891","83865.5531568184","88254.2903677044","82338.7977439023","86449.6749037302","92937.8838323153","100065.233841107","104292.900672109","",
"Cyprus","CYP","GDP per capita (current US$)","NY.GDP.PCAP.CD","","","","","","","","","","","","","","","","976.329895019531","1157.41162109375","1476.24755859375","1929.39929199219","2559.22900390625","4232.02294921875","4033.24047851563","4122.78466796875","4091.04858398438","4258.74365234375","4488.287109375","5642.63134765625","6690.578125","7645.6298828125","8038.9140625","9641.5751953125","9696.099609375","11310.072265625","10526.1416015625","11617.6923828125","15261.4169921875","15139.220703125","14234.2412109375","15092.828125","15287.91796875","14388.3525390625","14821.44921875","16093.2158203125","20252.24609375","23792.619140625","24959.26171875","26729.28125","31244.87890625","35541.88671875","32236.462890625","31105.02734375","32485.8046875","28991.9296875","27764.7265625","26993.095703125","23088.4296875","24280.044921875","26247.46484375","29120.38671875","29227.16796875","28130.330078125","32937.8359375","33231.05078125","36623.70703125","38674.3125","41783.08984375",
"Czechia","CZE","GDP per capita (current US$)","NY.GDP.PCAP.CD","","","","","","","","","","","","","","","","","","","","","","","","","","","","","","","3969.36733543794","2917.08655474323","3396.70972430469","3984.1463439879","4663.28665345469","5865.29460556726","6573.19643136362","6069.38762357837","6526.59635780951","6377.6211077224","6062.92152842793","6669.07494847497","8101.26018588111","9852.45677945801","11782.5546676117","13442.4916284309","15259.0788162004","18452.6532812196","22774.7045076205","19817.4215836554","20160.4355077059","22049.1080788682","20014.0354015165","20260.4954999375","20038.4163180257","17931.5987670768","18753.9686718096","20913.197632212","23705.9329811299","24062.7190013343","23472.8915454417","27696.4619527544","28282.2236715857","31761.5944102491","31827.7552539413","35917.2724081665",
"Germany","DEU","GDP per capita (current US$)","NY.GDP.PCAP.CD","1162.12266831735","1315.90787834504","1430.52095516263","1502.15452905146","1637.45522773672","1774.1986904555","1870.80540291774","1885.61596607874","2025.08159465853","2281.27598218229","2771.28310514754","3203.82884836051","3823.94032602696","5065.24523302283","5659.73787773336","6259.20744498342","6659.16546576017","7711.10232025365","9516.78283228907","11322.3543443813","12182.7800196802","10246.4767623188","9950.05926025365","9900.48559233526","9347.29068412377","9464.11694710857","13511.1520027486","16738.6132825523","17996.9783507619","17829.4609524705","22385.6778250275","23443.3350818536","26559.8543879632","25616.6508772405","27201.9593555204","31747.2449398447","30599.7891048363","27046.9565464237","27395.9440608051","26965.4922773722","23925.8559901991","23878.3641471651","25486.5942008748","30711.1022511331","34566.7359143735","35084.4363546269","36980.3349948954","42350.9217211489","46379.1647953479","42471.8868625226","42396.9665976293","47630.9761883572","44718.0159214069","47206.8353514242","48959.5991203133","41929.7549110722","42948.9381932694","45553.9341495339","48916.1686612154","47656.199739747","47394.8734504469","52349.2459994422","50506.5179638543","54776.7668235491","56103.7323182554","60496.4350820414",
"Djibouti","DJI","GDP per capita (current US$)","NY.GDP.PCAP.CD","","","","","","","","","","","","","","","","","","","","","","","","","","846.785538068015","","821.682570354282","816.874614065329","781.9168386713","780.497719360725","732.733101553782","763.659214503152","758.733842733535","784.556207408331","786.201866748458","761.943659476655","748.232840194914","735.349107889529","740.21930978973","737.612183644052","742.133791107063","743.013270420348","764.634465224597","806.261652944964","844.4483573908","898.464628136774","969.573220191902","1119.15233346969","1150.9375857489","1213.23352553429","1306.34552844977","1400.19357858954","2075.94498424748","2214.62084142432","2376.12554719873","2510.4300076241","2618.95521147369","2718.08338799203","2837.16902340932","2844.88810647853","3025.91126413549","3133.25779772463","3381.29779710722","3552.72335079222","3905.604954681",
"Dominica","DMA","GDP per capita (current US$)","NY.GDP.PCAP.CD","","","","","","","","","","","","","","","","","","633.551741670682","785.575814800555","754.091460805232","996.191362332325","1124.97453088416","1231.66928057818","1363.43800844996","1514.89217748336","1665.53207185218","1892.86556477773","2138.30385149099","2423.32574317463","2639.0495483153","2892.9815966454","3171.36577815405","3376.26050139573","3536.15609185727","3805.20278759984","3951.72267086358","4210.99532034556","4372.19712966838","4664.24268142919","4817.18105502046","4867.39896323759","5527.51527300496","5488.02784969357","5447.44011496284","5778.83306546506","5695.22442394675","6055.78109574854","6459.03503689609","6971.32633839289","7487.49010395154","7549.61964680375","7705.40717248319","7528.51001990155","7822.21797211398","8131.74876096735","8282.59874702141","8802.56172041363","8224.64896571414","9215.3085405645","9491.14995962374","7827.74842680426","8376.40414141113","9323.66089490562","9912.96212766668","10405.2787777582","10989.0431185083",
"Denmark","DNK","GDP per capita (current US$)","NY.GDP.PCAP.CD","1389.0213943225","1530.53779004389","1711.2181376602","1807.25279179793","2049.39724281483","2284.22850484956","2487.13627144432","2700.74637883336","2776.13544525805","3151.13324311543","3464.45518278408","3845.59906810072","4653.95587889115","6116.89199229142","6763.86592918646","7988.15613263518","8773.3396162771","9769.57864283968","11817.6250875179","13757.2343740839","13822.1578405912","12000.2103769191","11740.2199128271","11796.5691955784","11516.6821578436","12212.7873997293","17136.6297376226","21295.6768566078","22524.5792595476","21882.1517463842","26885.6994188191","27002.8057705804","29579.4913648682","27581.7241097459","29967.8303903163","35321.0980773087","35621.9878051732","32779.879045297","33346.4884298957","33426.2381077405","30722.0251837567","30768.4775471112","33257.1622586509","40519.0974905924","46625.050098011","48925.8076698784","52119.1787984282","58631.6566433635","64616.6657583663","58412.7472358513","58104.5445594981","61809.737898222","58443.7747103968","61377.5940590412","62520.4509747011","53094.0133607574","54500.9260410217","57521.5514992225","61324.7665045565","59404.2663247723","60985.4885601514","69340.7334922138","67781.0940939514","68043.5466971243","71026.4832271897","76970.1535217919",
"Dominican Republic","DOM","GDP per capita (current US$)","NY.GDP.PCAP.CD","205.731509857004","193.908988795022","236.814700040461","262.186358003136","277.29715816349","233.160574151022","250.876691518053","256.20659739416","259.574438400563","287.699305710615","337.668123719964","368.349647697268","427.224846368664","490.3154952703","595.356677805143","713.168169144024","762.778347016951","862.976049221109","868.397371769969","983.739706495351","1180.18089253045","1288.46563140235","1376.26820466534","1499.95575255789","1843.52460788928","784.488809604008","931.659530115685","868.087557831807","783.913142122635","954.914504449885","989.163941207659","1345.84673690623","1558.29782071075","1722.41995993981","1891.67055679","2109.16940728689","2270.86558687203","2448.89393535363","2607.85457321405","2620.8896817272","2831.45883638033","2935.89367312668","3065.60329524196","2383.26171780393","2451.69161616569","3878.31206735244","4055.14270347371","4649.64558875814","5023.58513403515","4973.95186999952","5478.62470398954","5826.51014109195","6013.81965002603","6136.59429329301","6496.45166971142","6800.95309395474","7160.44200982307","7412.71571571512","7882.98221584944","8183.01623600375","7135.22273255899","8527.0754858205","10104.2464008585","10630.431743829","10875.6618443092","11059.2081531834",
"Algeria","DZA","GDP per capita (current US$)","NY.GDP.PCAP.CD","238.392476666447","209.370672655334","169.60286272133","225.584660210993","238.863801545015","253.622059985778","241.44896961658","261.792442124002","292.436036368561","315.914655734237","352.845766557928","360.111081707845","469.030996510511","589.518126935221","872.889277439184","992.302037378411","1080.38620675609","1232.49418664321","1505.94222127977","1843.11929565984","2275.77971158899","2307.33434430543","2274.87800990349","2373.82511968473","2524.38071403143","2632.51711109075","2800.20270812187","2847.0776691988","2450.87242078961","2247.4602712492","2445.18332740258","1759.11201648229","1802.69300801289","1831.04800976449","1525.54061760288","1466.94806760415","1616.83198721285","1628.76100561506","1603.36623200836","1596.11822239025","1772.92869122761","1896.30020878013","1937.46411413019","2283.77299346126","2816.99384960555","3233.13339634212","3660.66104745322","4167.45169937531","5180.91881514686","4235.42990456612","4912.78585503672","5916.31364364343","6033.64884689543","5979.60138960585","6094.69392314956","4685.05902729002","4424.98529027556","4554.66753957828","4577.21029180491","4468.45341883656","3743.5419522929","4160.55926736925","4960.30334332888","5370.477235078","5752.99076651465","6051.00322704182",
"East Asia & Pacific (excluding high income)","EAP","GDP per capita (current US$)","NY.GDP.PCAP.CD","90.2785018672539","79.558508230374","71.6155290537605","75.5131219647953","85.118184629145","96.7854396235053","103.042905274641","97.5038099685848","96.0395573107908","105.108977265853","113.922517317223","119.112482493189","132.336284588938","162.64572508994","180.40828103172","198.672510294299","198.554467967616","225.243013756806","215.184312618709","245.267886708048","278.675551801578","292.964871355699","302.516685584374","311.472794392489","332.153258401474","357.905467448196","351.028816056445","340.936766529025","371.9254393204","395.426029999221","416.938782261111","445.804753221262","493.060883694191","533.886061731311","634.195222952685","772.30460205545","876.038021480281","895.628860799956","809.007580492877","881.635750173618","961.301422356711","1014.52467005611","1113.99915248458","1251.27771537034","1439.93214544909","1653.67971343756","1976.632047491","2481.38755806042","3117.832791739","3359.51841456412","4057.8659052455","4913.89455378862","5434.82585097081","5952.82148677207","6373.70120967496","6589.81824245918","6683.23529656879","7241.98321346974","8046.00446277369","8286.45749748666","8391.23898302179","9974.57917918464","10107.0569545516","10126.4304121407","10391.1526101394","10843.4363994141",
"Early-demographic dividend","EAR","GDP per capita (current US$)","NY.GDP.PCAP.CD","149.363606349213","158.513973715042","156.287905661078","168.140130186445","187.910557337761","198.815933614379","192.18417737185","197.939264400867","210.493511335474","229.480677620979","238.287951620002","250.491141867457","269.85562336408","336.890587094323","460.718205193532","481.172619945738","512.900982623562","559.642790283264","623.750067935856","716.290551284322","868.416856809516","937.449852249747","870.636944304211","856.419128002434","846.723023913179","823.45312491765","807.383863443982","800.4001919984","824.743794609817","819.296075996831","936.971161054012","971.300795968623","1032.29006470987","1090.28777962646","1122.64103842201","1150.88588898384","1221.85674920977","1278.95401047812","1209.04711676805","1255.03001584819","1346.19872596642","1311.07657774218","1251.30345037129","1368.4299919013","1563.0603884093","1788.22041048826","2011.02350805054","2342.58782127684","2595.48033593556","2458.1646507679","2941.65330428569","3266.19695006658","3362.32207931577","3332.30407501939","3351.66429566368","3178.86716124226","3227.64814256759","3457.91719451195","3460.86264008666","3481.75530893525","3185.49787368673","3697.4103832017","4017.48956260692","4212.16924807645","4405.28492630999","4566.42669968306",
"East Asia & Pacific","EAS","GDP per capita (current US$)","NY.GDP.PCAP.CD","151.796695561299","152.899750660588","154.486854312914","168.341105098481","188.862439628359","205.370646562821","224.084094578902","237.908430502169","256.632196202163","288.496322923981","323.952509654102","350.777065806393","426.320315340573","549.831069299196","621.169683651979","667.410426602414","722.259093128561","847.936611013153","1056.4854415537","1129.48714341481","1203.49037319815","1305.90826642803","1257.88193346093","1318.05209288055","1388.76162451492","1442.97353593716","1859.67075636118","2149.68032601228","2543.24285142553","2606.15885956626","2679.40356846417","2984.56406592681","3219.10194220305","3556.03095251249","3927.62156525348","4393.56161823586","4187.95909567642","3953.64180360822","3485.79169743958","3853.87131218353","4139.47126719887","3814.30946425229","3844.08681401566","4188.46280036812","4657.50834759879","4931.62605587014","5191.90669962482","5760.12938767038","6593.64477271098","6735.16059526359","7808.0701040139","8976.49484706491","9534.44491469921","9580.35094813005","9832.43196516945","9730.64405529046","10011.552668647","10612.7930790259","11487.5096772887","11677.4429355606","11697.5156784805","13416.9773441612","13219.5863562213","13251.5119797804","13482.4788785045","14077.2712026283",
"Europe & Central Asia (excluding high income)","ECA","GDP per capita (current US$)","NY.GDP.PCAP.CD","","","","","","","","","","","","","","","","","","","","","","","","","","","","1174.54445885687","1284.38913135029","1438.83894568217","1700.96139909728","1622.93793152318","1549.08489003128","1589.72540599857","1239.77436517096","1737.91189047557","1830.62568184199","1941.27899199953","1940.96560638764","1767.13891863606","1790.79766009483","1529.6291666061","1771.95605994237","2249.77906607995","2883.61748103773","3576.78042249065","4142.51945509226","5206.58156726071","6191.2490187656","5125.28238536429","6044.40742137607","6817.02366099691","7126.81359535263","7707.27955254226","7334.84338588205","6338.80741019255","6023.54753164072","6129.93083517607","5947.15360517457","6036.15175345642","5734.46191312695","6632.57221034255","7264.37321853889","8609.12296290637","9801.70054676084","11117.61379372",
"Europe & Central Asia","ECS","GDP per capita (current US$)","NY.GDP.PCAP.CD","639.348631694984","695.598965992194","751.939726448177","812.860454397552","888.290830866809","958.220815934017","1026.42666346038","1080.27983327174","1127.67964126318","1239.64453676277","1382.98022223485","1548.86687234849","1841.54086042791","2323.92642120909","2606.47479484068","3022.55923905805","3119.76103499952","3504.40576500633","4266.6192284735","5166.99702067953","5800.0999923975","5133.20300462453","4919.17634865688","4743.13434507869","4531.44554449241","4660.79892730412","6317.46979190386","7753.65823640768","8578.86232197136","8638.08579673084","10503.7600887222","10761.2097886693","11479.8595799327","10514.3970320345","10968.7352169064","12729.1087220097","12970.5621854783","12296.6082530758","12507.2303020457","12364.1142687842","11645.6378071747","11750.2018063072","12842.35970826","15575.04178024","18104.0502985006","19220.7137732995","20762.3175860338","24200.3324793455","26536.4846361214","23278.878278705","23731.6668640025","26273.0443343471","25199.9785660563","26236.2854279738","26517.017870416","22742.4739859372","22554.6821198127","23839.7319723826","25435.6875035469","25045.1218961925","24187.2451763556","27700.9996673888","27968.286148204","30015.7640895399","31630.8552937604","34603.480892464",
"Ecuador","ECU","GDP per capita (current US$)","NY.GDP.PCAP.CD","450.776317102259","371.395176462235","312.43541024174","364.743594141305","435.763463220837","450.049782719552","444.623111980641","453.645285895565","445.227989157148","520.843984636492","465.040319805007","434.415880347799","487.972047217986","578.954930783286","953.846558260516","1086.17615086517","1241.91098461141","1464.94058354719","1541.13760425322","1783.29280581578","2189.78417657382","2600.57152797996","2314.38354547989","1940.23393200801","1863.68213493779","1841.77905481426","1604.24698102055","1426.01629151663","1303.77906073184","1356.28045636224","1455.00748510871","1587.36049996672","1655.44613192632","1697.88884141445","1996.85894789444","2108.00698245316","2135.8479374308","2340.76600026857","2284.01572847769","1575.30234730971","1382.23421759909","1791.30359685037","2059.1585535974","2315.62215223014","2586.20914663347","2909.02606014388","3243.67010359339","3478.92488770671","4194.75750661981","4053.36331139298","4520.30959039763","5153.6916424375","5634.08393191094","6109.29031510341","6405.79979300441","5976.1596805651","5917.63771271481","6233.32244797718","6303.91886658338","6205.05765246766","5463.64515348598","6061.32350181711","6515.58528418336","6718.1447938811","6826.5294137822","7125.27618527738",
"Egypt, Arab Rep.","EGY","GDP per capita (current US$)","NY.GDP.PCAP.CD","156.387397481519","162.841644181754","142.409576739705","143.928402522656","157.716536507206","161.567123566919","168.054342944501","174.103044536176","179.774096694265","192.964908828257","232.272492342671","242.971070265891","256.482815640115","272.182710085295","243.061473902314","299.217518322538","334.609918474469","353.403833676533","354.674246269687","420.85821686233","493.053573271061","490.308796861598","595.918898169378","648.013629771434","689.807675510205","769.755137148666","790.201793698565","753.722263747615","633.839369496566","701.037717929191","735.982935028025","622.829605007867","680.79923864551","740.334217356418","807.303537230487","916.326617700876","1008.97637629447","1146.20172117634","1212.82259820477","1268.30949160496","1366.09274372613","1295.1374184163","1116.82884626213","1031.27556291284","991.255689145253","1105.53920713903","1298.97900203124","1547.74170735909","1896.21594269779","2161.63964573927","2455.08194645282","2590.64384891965","2996.0677072015","3025.52563552448","3133.39102265541","3306.98159414141","3270.6287768197","2395.10333299491","2484.70315630508","2962.98892023003","3511.11381026379","3827.35415374308","4233.30783744856","3456.78965212363","3338.47371043679","3085.80712036204",
"Euro area","EMU","GDP per capita (current US$)","NY.GDP.PCAP.CD","911.827475831741","1006.27723889254","1103.19610722034","1203.50239782347","1322.00617918949","1432.87435147562","1537.69059899539","1622.43159092879","1732.47217316756","1922.22579267855","2165.44971955982","2440.43008766637","2927.4431430941","3775.78573661911","4258.0333574099","4912.29016828135","5103.59255271462","5783.77762562849","7053.25496175246","8510.11771731182","9488.25188277782","8219.70161906066","7937.54645961743","7720.65112981666","7398.89850943126","7586.17401320399","10614.2271617107","13104.538458078","14340.4227546311","14584.521566451","18258.7328576163","18809.9990518142","20643.6856300826","18837.4067947552","19839.9370690858","22873.5191280329","23072.6626954157","21057.8481909895","21618.3263202496","21480.4042154564","19563.0908791645","19818.819395825","21551.1260975546","26413.8767866986","30138.8874750838","31116.2703580738","32961.2886272812","37801.9316069832","41406.6598917961","37790.1201693815","36841.2601014872","39878.1184039802","36851.3355744745","38455.0565897822","39333.1197168101","33928.614137702","34690.2425639991","36691.2109171985","39562.0814189751","38679.6118917933","37727.4543067337","42432.2915720012","41105.3462099324","44797.6445281418","46424.2413084574","50214.0783015991",
"Eritrea","ERI","GDP per capita (current US$)","NY.GDP.PCAP.CD","","","","","","","","","","","","","","","","","","","","","","","","","","","","","","","","","265.240962963337","252.085777069472","277.801423620334","285.402184008331","325.838705371605","318.980960831984","341.91736400208","311.336209255125","314.357396753501","325.409161513593","304.775756465092","348.950327077742","426.840947887032","412.753079199423","447.997404727201","480.44762365456","490.066956003333","642.92572288007","539.699512069686","688.68165957684","","","","","","","","","","","","","","",
"Spain","ESP","GDP per capita (current US$)","NY.GDP.PCAP.CD","407.96302786933","463.19044087717","535.391059454488","627.278450964262","694.952086797899","797.377066170904","915.62923367863","996.571863525297","978.292373768035","1109.13637135526","1211.42343321309","1361.19251917206","1707.58800052655","2245.9479911066","2747.96036737994","3207.54465082024","3276.97023260494","3624.99940255962","4353.3273744052","5766.09296672485","6204.14321544225","5367.32976278411","5156.02303792945","4475.30126831295","4486.78173863382","4696.29879620729","6508.8506547565","8233.72822993027","9696.1928538538","10674.3410230107","13795.0159385128","14801.3226152172","16100.6799428032","13330.3798192211","13405.704414883","15460.9110266653","16100.6215831114","14722.3717633536","15382.3348573373","15707.9473068138","14743.2671031455","15368.2337984435","17111.0685058941","21522.0170990262","24925.0267844576","26450.9530130382","28421.686527407","32652.015594702","35603.248328071","32279.8208476151","30658.7422282912","31824.6219134777","28456.4438151477","29228.846559842","29707.765509467","25982.4416197775","26755.6061149398","28381.3425596906","30602.4212881113","29786.5245689007","27233.9426461608","30799.4775937775","30319.4987196616","33493.2225409111","35326.7683069278","38627.2472148623",
"Estonia","EST","GDP per capita (current US$)","NY.GDP.PCAP.CD","","","","","","","","","","","","","","","","","","","","","","","","","","","","","","","","","","2685.90889287357","2819.12612100926","3134.38975345407","3380.92630243199","3682.95230146695","4093.39247738765","4140.93660232167","4070.60902410208","4502.66614992392","5343.18310760735","7205.40703313243","8916.0728274602","10414.6381183565","12641.4800976473","16745.4308011148","18205.9064113446","14712.4494217916","14663.7041018705","17555.5455239426","17568.2137969714","19310.3874900757","20581.7898991695","17722.1557669523","18666.3736521706","20851.5223496861","23618.1361254581","24021.2501413306","23933.9939421065","27951.1659277744","28340.3826549406","30264.0064885057","31428.3547816104","34417.6320815138",
"Ethiopia","ETH","GDP per capita (current US$)","NY.GDP.PCAP.CD","75.3396090705961","76.7301966411733","77.7901849782504","79.1726343703284","83.8368648270969","88.8500294110243","93.1549467874985","96.0864747436757","99.4743651000667","102.280177675035","109.430466337285","112.736674296624","119.839997124757","134.935511021947","147.855722504485","144.280537635495","151.95618662171","170.40414371556","178.302480574913","192.357117273999","203.685394440965","212.657517980298","215.25098547162","232.683474421159","214.228860396002","243.897382584019","245.977228769295","254.121329421554","253.248262470167","256.386475306315","262.108971053707","277.565910365091","207.406400863847","168.520401400989","127.685923459033","136.523619088963","147.327458851964","143.369531498844","126.465095781244","120.734631499865","122.269202606069","118.457204255261","109.593813612988","116.800491132777","133.169812538096","158.243458082465","189.345737521418","237.146255996319","316.410475118075","368.574712267445","330.619412798644","343.024942351887","452.101031885754","484.039833104062","549.986577082588","597.912113218663","641.651523286233","696.348429076216","739.702022272086","793.473247218996","829.790982552951","893.009835441784","982.103161502198","1055.81091593061","1133.88279681256","932.729352775179",
"European Union","EUU","GDP per capita (current US$)","NY.GDP.PCAP.CD","797.717991213202","879.391006217658","963.654235980869","1049.5488972112","1154.08410846131","1252.49102200743","1345.22835971921","1421.38093263445","1514.60782587261","1678.55063816657","1887.77749633401","2122.17156085084","2542.21183155868","3267.80232103321","3677.09541892068","4256.76005699353","4435.29965349951","5000.51225440305","6062.01605047007","7293.96411516703","8122.15330988813","7058.62667171825","6788.83741038596","6583.82111509042","6329.6590505825","6495.44299726858","9047.93960391575","11152.9209457286","12205.8232641158","12421.7141092541","15480.5584700599","15946.1002306568","17463.5343647004","15902.3176943965","16816.1645936426","19456.321194454","19740.4112006281","18080.0132985066","18600.0115487639","18484.0156830483","16956.0404946054","17208.9035778997","18773.5039434434","22991.2367735241","26335.8502555339","27400.009679177","29169.3897071187","33682.862816778","37160.0102168184","33632.1592985196","33119.5730126034","35963.3218067157","33324.7758491129","34804.7359239781","35590.1074295737","30771.6635221374","31456.903580129","33394.5944932308","36076.9018014875","35374.1493923083","34694.7105012203","39206.9663368683","38066.8240398192","41566.8992410802","43313.7668203916","47089.1638419269",
"Finland","FIN","GDP per capita (current US$)","NY.GDP.PCAP.CD","1191.85508873415","1341.49900625891","1426.6675637882","1538.45703402737","1725.60483489826","1902.03847177709","2031.52331393903","2055.75306771186","1927.29380452918","2201.12415237742","2465.86455526041","2716.43223544591","3177.9287929756","4173.54485169644","5298.08008790754","6256.10245136117","6740.29145314637","7069.73565139858","7629.49572475149","9333.07695567452","11224.9380036353","10925.0957161181","10935.3110588486","10493.9626636806","10830.2185222663","11394.1921044246","14946.9926198261","18565.0264426011","22043.7701596288","23969.052798644","28366.204276071","25488.8450525604","22320.1124695857","17588.6781715509","20278.29109854","26246.2743214462","25756.6777073618","24682.29083271","25999.9861694953","26180.4128562349","24335.9225082659","24965.202996776","26989.389260959","32920.0857192568","37768.1334202029","39049.8703780223","41214.0187765069","48473.0240091455","53769.4726240385","47478.3495310999","46506.2919016566","51060.3242589767","47551.6740841369","49691.0145200739","50073.7760815871","42560.3456767103","43451.2562442158","46085.0174739036","49654.2497035329","48358.1807773701","48828.6846862799","53099.1351400148","50440.560224974","52864.6931581216","53155.5451165897","56148.580949046",
"Fiji","FJI","GDP per capita (current US$)","NY.GDP.PCAP.CD","277.431535497766","280.273366731046","285.473073001593","291.38357377756","305.532203132127","311.241072912198","309.5744090096","325.9865454003","327.357416510141","349.813973013608","413.93721652892","457.844599860784","575.217482137037","761.684067364828","984.313523932329","1188.18424249981","1186.16648457757","1203.57267969162","1354.81144050374","1626.66019023926","1873.31097972432","1879.36315139259","1773.14392517051","1628.04901181455","1666.86572541062","1576.72069091401","1745.24126633634","1569.46727039388","1463.04720165947","1543.2961719258","1728.94076871199","1774.99211138118","1951.25592930351","2070.04734110195","2297.18005884304","2466.74347815903","2648.32766264","2573.72338605678","2010.49636073149","2327.95720514091","1995.72071163264","1944.997414609","2136.56794118683","2655.58079586044","3097.19096651759","3377.69126953493","3455.10599907349","3762.74692789299","3899.92231512129","3164.13275408169","3449.14452883369","4139.60288609702","4341.40338748749","4572.44377544245","5293.35676680464","5097.53106864695","5363.79026679243","5826.84814459328","6085.41979485376","5842.07344577597","4620.6457238014","4536.73312110335","5414.12092119088","5926.20586394763","6425.74151715712","6642.00449450523",
"France","FRA","GDP per capita (current US$)","NY.GDP.PCAP.CD","1306.79629911648","1401.87190432812","1553.99323202639","1723.23648290171","1891.12061521027","2023.50184544884","2172.59339649824","2328.11785496887","2518.15825593491","2729.37124785377","2832.54913756906","3137.05929958055","3809.09946046394","4906.53555379458","5260.60025882755","6616.76722499173","6792.3099035538","7458.76424117602","9166.59011961391","11062.5731730373","12565.1639377144","10955.9002996167","10359.8920663549","9862.28449386586","9311.89426452129","9657.01938533723","13430.4824599685","16175.7090467566","17549.6440487161","17547.2645422514","21586.4674617483","21500.7778366233","23615.0168565483","22238.8250618434","23359.8985104774","26791.8151982369","26757.6351494145","24169.4008102822","24869.4030795939","24576.3152254528","22340.5939516217","22331.7948343036","24144.5727019529","29479.5222101175","33644.9282220364","34696.3718316971","36431.5658906555","41486.1907828787","45464.8181385158","41728.0884164132","40694.8211697025","43929.7840873812","40863.5814412333","42669.1795111893","43148.0459288416","36702.4323733379","37024.2157133669","38687.1626407164","41418.1766484844","40408.2848574751","39169.8606000707","43725.0999521245","40988.6396406579","44700.1384177544","46103.0840855884","48985.7307807924",
"Faroe Islands","FRO","GDP per capita (current US$)","NY.GDP.PCAP.CD","","","","","","1594.47884066707","1749.16153532827","1780.15707646919","1735.53425630103","1849.43853817677","2219.37686726419","2563.60186171096","3046.4591497805","4067.92980683272","4906.27514325385","5605.51262112203","6593.6212932559","8387.1492388171","9479.43754490354","10549.3401533022","11446.2829681746","10458.0965252581","10052.9192302665","10893.3317148574","9437.29347360867","10048.5086349589","14933.5448035702","18982.2410674985","20453.0990144916","18180.8492751081","20125.3725089519","19163.5554371421","19300.6621973456","16373.8260050275","16975.9297150055","20669.2052425004","22705.6954787426","21158.4130199317","24729.019906458","24978.6210817538","23322.7593357515","24879.7729617864","26937.6505602847","31269.6031997217","35647.5440400531","36389.081644098","41743.6812847661","48348.7393711011","51287.8911081663","47060.1592550833","47924.1364756678","51620.0541648551","50263.0024625867","55759.364098362","60173.3057854661","52638.2668218454","56876.4302363804","59388.5365965776","62525.2647698273","63070.7228080361","62247.9273907098","69421.6981686515","67069.3987440509","72486.6910957957","74175.2776311377","",
"Micronesia, Fed. Sts.","FSM","GDP per capita (current US$)","NY.GDP.PCAP.CD","","","","","","","","","","","337.4957740742","359.244640147767","403.046469058094","544.204466602069","701.077963162938","683.97674556564","677.970615070457","668.601472729072","737.510432416087","803.032190156421","829.209813066002","958.37442664862","973.688636446563","993.272945205479","971.323735890612","1136.27633295061","1216.15763119676","1230.44156720509","1284.2827275817","1365.61518337828","1459.04369201491","1617.45528154622","1699.3301910196","1853.06259690284","1856.5207426083","1995.19187154132","1955.97507000271","1840.2391263246","1944.03332824551","1944.83255730659","2049.34490021777","2103.74849819784","2113.45955463859","2145.87789998664","2104.42796515524","2216.9963738197","2257.76445195026","2302.51183108846","2395.90218109716","2565.83639782506","2715.26873721406","2859.8488365615","3003.05867086848","2904.1536796737","2915.23672460238","2869.86276169101","2997.93719917488","3297.37580036719","3584.78377566896","3581.72684572278","3362.02802120524","3508.22314197664","3703.66680343222","3933.01607031874","4251.69052668788","4414.00737137479",
"Gabon","GAB","GDP per capita (current US$)","NY.GDP.PCAP.CD","276.136169473227","323.4592026542","348.416820133128","290.675816546409","400.402956504958","414.554218095035","443.401599878142","482.22309050643","514.573983796217","545.410237141201","543.433161441757","627.415677576616","693.294831412979","1140.0416427509","2384.18628892572","3258.23424153589","4441.09448586623","4048.1467428949","3359.57268123664","4154.58594015093","5718.46719052717","5026.47646757156","4583.89967785445","4181.57191575578","4272.88216871705","3898.46316935487","3864.67453823981","3624.37675865476","4118.60473032795","4373.88491926948","6050.71468999523","5345.0965303052","5385.68811745078","4105.98701339331","3828.21118114454","4414.8755828572","4942.67870027615","4508.75340541142","3699.99513906504","3751.35318950625","3982.906200928","3835.75718279727","3966.48001864663","4710.74862768151","5465.79193590708","6547.87613955186","6847.00985685394","8003.54289696049","9688.64519690633","7290.57526093114","8356.74662013345","10219.1139339454","9296.96587941088","9197.70106323947","9201.36276648105","7047.12654634355","6677.07003901644","6921.73373135624","7624.2775233771","7441.1786472281","6605.80346077904","8181.40914134398","8409.20741452279","7802.82433276138","8230.04311451151","8263.03321595",
"United Kingdom","GBR","GDP per capita (current US$)","NY.GDP.PCAP.CD","1397.5948032844","1472.38571407868","1525.77585271032","1613.45688373392","1748.2881176141","1873.56777435421","1986.74715869685","2058.78188198056","1951.75859587532","2100.66786858672","2347.54431773747","2649.80151387223","3030.43251411977","3426.27622050378","3665.8627976419","4299.74561799284","4138.16778761535","4681.43993173038","5976.93816899991","7804.76208051155","10032.062080015","9599.30622221965","9146.07735701852","8691.51881306514","8179.19444064991","8652.21654247593","10611.112210096","13118.586534629","15987.1680775688","16239.2821960944","19095.4669984608","19900.7266505069","20487.1707852878","18389.0195675099","19709.2380983653","23252.6157127423","24503.3829602903","26910.1381529902","28396.3523548013","28858.0065333126","28383.8761094996","28013.8729635508","30158.7017807858","34556.7726095905","40504.4118103928","42240.2462987547","44695.161023424","50629.0799172887","47652.4030691881","39009.3715547821","39778.3220528565","42295.9273835322","42688.3263728372","43607.6636827371","47746.9810645521","45256.040227057","41258.5374285695","40918.0520870944","43704.3162296687","43160.6843971799","40815.1255364787","47695.6491523474","47034.7795621476","49919.6896621586","53341.3131094262","57601.9621201954",
"Georgia","GEO","GDP per capita (current US$)","NY.GDP.PCAP.CD","","","","","","","","","","","","","","","","","","","","","","","","","","","","1543.58202459728","1843.90343235858","1853.44090838675","1610.98027146868","1307.82342713006","757.223548505358","550.015542609224","519.815578814965","578.336923460866","689.034634153312","807.032285752352","851.515542450841","673.537782887275","749.908534993961","801.98383707929","853.526171868939","1010.03151630868","1305.04748557208","1642.78359414797","1996.02013272284","2635.36650276116","3324.7537205015","2822.68939668797","3281.72930937343","4119.66818307193","4530.69533409431","4712.00229382665","4830.33486170249","4086.6223465965","4143.40125686315","4418.75206546679","4804.0546040444","4741.2832715876","4300.85701291207","5083.60695484577","6729.84659930283","8283.66960652261","8967.67525638987","9691.53472415196",
"Ghana","GHA","GDP per capita (current US$)","NY.GDP.PCAP.CD","174.858856531804","181.870010833085","188.421016299893","205.037422391885","224.968154393354","260.50559523622","263.334589411514","211.219296540365","196.668571830464","225.772621963554","248.159869409818","263.408787882235","223.80286383233","309.509552300391","289.425856816508","272.976715188503","260.998295813107","292.28979809499","325.598476678233","346.653403777697","372.252026367961","343.799126739425","319.206910329791","311.383438154949","329.998888863111","329.714604937014","410.711658388611","355.153724919203","355.121844932881","349.964941914982","382.54246368354","418.254121349986","396.426407640517","359.800844097528","320.50390343252","371.537243033836","389.271267898831","377.841935501461","400.366799508524","403.037326127273","253.746936203344","263.542156494853","297.46164468774","358.39927142073","406.132105329565","478.611909191028","906.441027564887","1050.12461524926","1182.65761256016","1047.70430093586","1263.89251760539","1507.43573198753","1543.77524235764","2294.79584693743","1949.90832923846","1722.77282833606","1912.47991339951","2012.28662641265","2195.32166016377","2186.65822682613","2195.45481659987","2445.18662529344","2229.89122654479","2383.90410476221","2419.2518672482","3257.1588903576",
"Gibraltar","GIB","GDP per capita (current US$)","NY.GDP.PCAP.CD","","","","","","","","","","","","","","","","","","","","","","","","","","","","","","","","","","","","","","","","","","","","","","","","","","","","","","","","","","","","","","","","","","",
"Guinea","GIN","GDP per capita (current US$)","NY.GDP.PCAP.CD","","","","","","","","","","","752.822503572388","825.289977053096","948.497421297055","1143.30003514078","1242.5292252039","1311.33051362563","1430.66435286764","1440.15766515101","1657.96393230706","1789.99554924567","1930.99184257949","1875.53966772396","2272.63298724274","2822.83932284682","3361.5282015455","4061.69867242443","505.876944250303","504.510868799406","574.001127225182","570.493417986787","604.304422702532","656.42373119518","692.647802662806","670.741778229959","671.576385058752","713.031460558683","726.025442583799","695.58174225826","647.379920832778","610.614842942762","518.157066924026","483.085120214741","495.916073559269","566.48540588068","584.897740538081","463.17768685098","446.980554135013","650.148575304743","703.532825784369","662.185914665575","659.235326211315","636.694958747648","699.353377212197","748.455020824734","765.146999389279","747.356966759448","711.996509782316","833.598621691121","933.273615633705","1031.34146480732","1053.66097696415","1244.96550477914","1416.59612011764","1555.49375806861","1694.95375862185","1877.2541220972",
"Gambia, The","GMB","GDP per capita (current US$)","NY.GDP.PCAP.CD","","","","","","","94.3662144947658","96.9604868849254","83.1064852758912","88.662202161031","99.7816919772448","103.318322288749","106.524604282625","131.449182060787","162.618334686551","189.808393377344","179.313963291107","213.842543162023","257.581042237291","300.258528034397","337.692534389517","295.982064548083","282.141307055388","268.649299816803","214.794357389928","262.816616745779","207.654408714945","236.954802725846","274.874465999589","280.929809553919","300.639895740381","627.578919318827","623.485927783598","635.3611677282","608.2774907808","621.681391269646","651.784945724837","600.224023405754","610.234711461724","575.459893151216","538.054072348854","459.803068381399","376.531026962584","308.719123437587","593.285346326581","616.483657865348","614.544307904464","724.726407242432","859.127671411226","774.888030908091","801.033372714536","710.608411468152","692.579361628102","653.862713272743","568.00453558864","619.536364296461","650.056501323611","642.522641296331","696.219806960615","738.186751987483","720.335143352133","781.890925169531","836.244875868476","883.024111978927","871.340287547821","919.060423427951",
"Guinea-Bissau","GNB","GDP per capita (current US$)","NY.GDP.PCAP.CD","","","","","","","","","","","350.221594962107","348.277009620267","388.643761374553","391.9165756129","418.643114014064","435.217809874848","420.852937438178","402.906587803326","402.777525700936","375.845330171625","346.855441567554","477.46389637563","502.732266005568","488.993892322107","407.439444684912","416.576139998898","371.137575913103","487.551949436993","453.807472688208","578.490985831256","651.337640650994","672.07387884966","574.32110641811","581.612681813953","560.883422537973","589.487023081945","614.729892454585","598.953470198484","497.724279563733","478.733190989909","316.945495037639","327.138431972397","362.034574570354","419.78486611807","431.376557669634","463.073962650452","448.513075469701","519.069789794741","640.210331101753","583.190020139094","600.194298540768","719.539573498937","635.461653303881","654.304534409417","652.022501029449","645.066837207039","679.665386626818","783.123186602022","808.531613218504","811.210004050041","846.918134967613","926.54619187706","881.602654162231","964.431832665395","998.376093392688","1123.76679992349",
"Equatorial Guinea","GNQ","GDP per capita (current US$)","NY.GDP.PCAP.CD","","","132.911859077276","154.797498528375","177.826417576094","217.10289545039","226.694963901345","231.931646165774","211.743758689178","208.44083966338","206.766858699665","205.56736961701","211.424761974446","268.634902338667","319.236836741342","362.262178278078","368.831374253979","375.705960625002","","","175.451008071362","121.125080282047","137.468802708366","129.411005581021","137.903678570149","161.11802183767","188.78702702248","220.925441822509","228.669232827247","193.2233561169","236.402188376265","225.319378519763","263.733547088944","256.683023652574","183.239482711964","248.314896208855","391.686868235732","717.041481576821","577.868525342745","930.912549299779","1487.3165506701","1948.61145907844","2264.21065580365","2930.60183743733","4901.30127408119","8673.9026086535","10184.8841248541","12616.9532942011","18210.5552970599","13232.5019378102","13720.1658723222","17198.2136668275","17308.5723924575","16304.0713196418","15548.6624656619","9068.91003238645","7453.19797948517","7809.10465655488","8102.47084834031","6804.14923073888","5764.05502912947","6945.63069794539","7589.29964909381","6788.35271638376","7003.58055684906","6615.25245207167",
"Greece","GRC","GDP per capita (current US$)","NY.GDP.PCAP.CD","513.085862390915","582.563503591063","608.475515462307","685.559282001744","772.805500770312","886.773611071551","983.55754915871","1053.2588863313","1138.38219032671","1305.64395976862","1473.60394808707","1629.3452793287","1873.25412773592","2468.00395502023","2789.40577350635","3109.3794397892","3343.38819444676","3832.32110004611","4629.33937671209","5626.58879087082","5811.69069600941","5305.43729381339","5501.63700061234","4950.06026518761","4785.07463033775","4746.76035816355","5577.83258692769","6473.57783168117","7492.35204811251","7737.54385772032","9466.66238502174","10046.6663875475","11021.012224607","10257.3085789073","10937.0223808611","12779.081491606","13432.5262183244","13015.9175046854","13022.9648774809","12742.5404388143","11638.2010697215","12156.9572824221","13782.195640943","18020.612039764","21449.2552764245","22054.1315756886","24416.0232970275","28440.7625328955","31695.8331092209","29425.4573200263","26653.0488008626","25504.7866510124","21624.346052551","21573.3449762805","21474.7257123892","17980.7298238137","17919.2426377048","18631.9930129293","19873.4015238771","19335.3602002969","17886.733165236","20652.89659591","20884.6773436263","23343.7103964562","24626.1481858973","26948.0070432791",
"Grenada","GRD","GDP per capita (current US$)","NY.GDP.PCAP.CD","","","","","","","","","","","","","","","","","","736.927499151542","917.111118802723","1070.73371266334","1173.07809597238","1229.65932557403","1329.00617695983","1388.16565090599","1523.94092798531","1745.15357435866","1938.10850906698","2204.6384515886","2404.25523562379","2696.98290193019","2782.18396873619","2983.91643158641","3052.70018744163","3026.04154231393","3152.2020478855","3294.26988339657","3508.294236637","3724.75466168304","4206.28052894181","4516.28332446682","4839.82811114248","4819.50776653843","4984.47405931447","5427.96377252312","5480.26117644588","6338.56011405358","6344.0383771432","6864.54816771858","7448.2040563865","6932.56472176781","6909.60169568597","6947.38136096464","7092.71985352677","7424.80212287327","7986.33421210788","8694.12438005692","9221.23461079424","9751.42661155932","10083.021279225","10462.7929159533","8968.55890108484","9617.28902905373","10469.3867012856","11414.4781691181","11528.9220811928","12106.8790105068",
"Greenland","GRL","GDP per capita (current US$)","NY.GDP.PCAP.CD","","","","","","","","","","","1498.27643678161","1874.29530190099","2196.71424019198","2860.28057640115","3432.70603291276","4257.87561148406","4844.65629347485","5713.96253360554","7235.5169393433","8480.76253105822","9483.10240585198","8544.09791016512","7813.65128212172","7988.17794662988","7198.7078081665","7760.83426370628","11271.3325735884","14554.3513669736","16397.9501938761","16813.7414501107","18326.9295023252","18315.3165631906","18768.8275325455","16797.3578218828","18124.0998075763","21665.8295173116","21422.4609853672","19145.614890096","20496.578783559","20170.322763798","19009.0774407515","19265.5191468738","20657.9506323097","27466.6494525504","32030.9987915109","32489.7277309899","35457.6297578214","39780.9441368721","44366.7858688175","44918.8413832155","44277.1993400972","47186.8759969388","45936.9562817724","47535.4883792376","50485.2244135291","44536.3549705377","48181.7453541266","50765.7494665372","54545.135857765","53309.2035905065","54812.6661771023","58135.9939910203","55635.0006491223","58498.9707973609","","",
"Guatemala","GTM","GDP per capita (current US$)","NY.GDP.PCAP.CD","256.813115286608","257.20215058952","265.21065183936","284.397504292538","284.197970339364","282.97764170403","287.277848723331","291.934180943356","314.666876118943","326.30273339901","352.790808761812","358.373560380293","369.762757413424","440.562871690613","528.57311003132","594.88660866336","697.064609693019","856.125495292911","925.180026499901","1025.98223460072","1141.80549814991","1216.49639722044","1203.96540667638","1219.73545354345","1241.04242582773","1238.47545209176","896.063263473632","853.903772501246","919.070773138882","958.427471156263","847.688561830359","1014.40279682682","1096.45976992698","1165.67442716224","1292.67202750483","1421.06177809796","1481.05986750672","1638.46281851789","1741.20114182856","1603.64776144934","1648.96578971559","1537.68663578252","1669.33517469705","1722.54701910774","1840.91184884","2046.46611650758","2225.1234753878","2458.81573919384","2763.05988172926","2611.64632773352","2805.25960237322","3168.98370607705","3286.61959336267","3444.15802275864","3689.14510410202","3893.50533299068","4060.13784737643","4324.99768915601","4352.94593289707","4511.99839552697","4477.61785000665","4912.62240414681","5356.92435887895","5754.42833909847","6150.89465281457","6598.18032988711",
"Guam","GUM","GDP per capita (current US$)","NY.GDP.PCAP.CD","","","","","","","","","","","","","","","","","","","","","","","","","","","","","","","","","","","","","","","","","","","20909.9590302806","21877.3178371553","23618.8266894573","25631.9776108052","25709.9351488422","26605.4324214756","28112.2316573422","29054.0581201519","29719.7967836082","29926.2052442913","31653.7506538168","32530.7593121483","33900.1486530583","35165.7014644795","35930.6594898711","36779.0078903909","37195.9503070464","39274.9431424899","36482.9363953675","38074.8793745801","41833.1517132825","","","",
"Guyana","GUY","GDP per capita (current US$)","NY.GDP.PCAP.CD","299.074645785091","319.017754796284","327.392579238974","288.820390442321","313.261161893769","335.73593687831","352.589675035291","377.732621967981","339.786441079035","361.187616176221","381.098754100227","395.769663599294","395.474264576572","420.533678630093","587.968877003464","663.799722651899","604.105267775602","592.99759837818","663.208586084495","688.827652838343","778.958814102357","734.567458871119","620.564636570569","630.672779209107","565.33443558244","587.818395225034","657.014000212061","464.052566270711","544.715209244099","503.109019103922","528.851095342994","466.039938988882","498.156636569954","603.084316652805","721.437561135572","819.668541584905","927.523847211669","982.804753805587","939.685488169724","908.790631391797","931.796651718955","931.574723847673","950.866932470993","973.742598054188","1033.31030902188","1084.06541388904","3135.60553528326","3608.28685240188","4008.9628671603","4209.13230624565","4581.76179693492","4947.22170589917","5444.39751913913","5556.91231156932","5472.68820452237","5640.41560569466","5870.87823759835","6178.6650437298","6048.38697180418","6405.82443444562","6775.70939096303","9860.87014834386","17913.4928066879","20473.7002190617","29675.2501582835","32413.7930757518",
"High income","HIC","GDP per capita (current US$)","NY.GDP.PCAP.CD","1205.22806652384","1269.99482092477","1356.6339159265","1441.78056642276","1557.2422754082","1673.40567192883","1812.92731613899","1918.49117738741","2061.77922534071","2251.31103536381","2448.68072079549","2691.13957190777","3097.15802810705","3724.02876595768","4174.52891466863","4617.80429809259","4988.94295390305","5604.01744747437","6677.23314203314","7652.3565490127","8474.01441100501","8537.57496050414","8391.40363012421","8611.95690854169","8919.82922866066","9299.05109519506","11227.3834467229","12932.5461891018","14461.0324091605","14952.8323588626","16636.4892295512","17431.5724536724","18533.1621649982","18549.9752077281","19720.3175871797","21739.9319298831","21791.1991160631","21308.6065181459","21128.265507888","22013.5780601712","22428.1726072309","22129.0189979774","22974.3592654579","25642.0998662756","28482.3042788075","30080.7834726251","31743.3108447684","34703.2215480124","36948.6937394895","34160.3443365118","35833.7115834135","38837.3278350951","38756.7592855469","39099.8824050102","39576.1363506592","36734.6310227088","37232.2355227355","38970.4660370017","41295.6262218527","41570.3760789982","40453.9686533276","45545.9474677756","47056.4874992383","49141.5400740302","50907.2761474674","53997.2579539931",
"Hong Kong SAR, China","HKG","GDP per capita (current US$)","NY.GDP.PCAP.CD","426.773807917233","436.754411520393","487.821134050813","565.727810358046","629.591525784494","676.805507110096","685.926614135084","723.239225616661","714.48296958061","825.523449142012","960.031961510704","1106.46971695915","1384.7342645141","1893.18124189464","2144.61495884823","2252.12694057369","2850.0146101832","3429.42027607254","3923.9713784987","4569.4838495588","5700.43210891578","5991.28488804536","6133.7668997328","5595.26055343754","6208.22615937199","6542.97352840976","7434.99925513073","9071.39076473445","10609.7456394545","12097.7487914553","13485.6314525052","15465.9245305858","17976.4688629053","20395.5621886121","22502.5302426236","23497.3920767477","24818.3021600084","27330.0933613355","25808.8609899709","25091.6665997966","25756.7728723704","25230.3780910304","24665.8362318216","23977.1734120477","24928.1003722551","26649.637724155","28224.0951563146","30593.9511738646","31515.5292103443","30697.5383861641","32550.136489179","35142.4879344543","36730.796195815","38403.7777145477","40315.3739510191","42432.1619740441","43734.1980702999","46160.429791493","48537.5668888343","48359.0011950597","46109.2299946609","49770.5642374739","48825.0272275805","50525.1119312663","54274.7547767073","56983.0663059906",
"Honduras","HND","GDP per capita (current US$)","NY.GDP.PCAP.CD","230.667390861566","237.266657929647","244.01209130438","246.561283063044","255.903509094727","273.877577290856","282.88534468771","298.155994803561","314.474382938748","316.220454040742","328.787242589654","338.123400136033","352.711426613473","374.668702396507","400.988955544745","416.521307238993","482.416373927479","559.250644740346","682.834193371888","768.717733232899","854.374079228412","911.505037511277","914.30883859664","941.732746077043","959.534269081039","1001.1467980095","1057.81228119586","1097.85859892373","1039.29410284648","903.767650161806","749.818113552631","722.000657931123","782.111518709432","772.74224772986","735.886147157389","814.049075569071","812.817047602244","917.272651200904","988.655986927253","999.004383328908","1092.56400746252","1132.1648753329","1132.49965345317","1156.08162681357","1215.13995412761","1304.70039153826","1425.84780051892","1577.73789197407","1732.49062702803","1781.15703614674","1893.32722662035","2073.66121088074","2126.03474686503","2081.12843527945","2179.88171977271","2271.20265980349","2307.34468351082","2413.0076562942","2464.64241531918","2502.32744328073","2307.61494319511","2735.14751503977","3003.28996826399","3227.45762509776","3415.96027916712","3598.21450440452",
"Heavily indebted poor countries (HIPC)","HPC","GDP per capita (current US$)","NY.GDP.PCAP.CD","133.966706552334","134.982100905992","143.210707106404","164.108821020145","148.883973198222","164.193309394188","173.528494549855","166.584461806847","174.716839762085","187.113862042076","175.837293005171","184.580649440083","199.762645646964","237.978702842718","272.641449401477","298.682535585457","311.688860281571","351.678973087542","398.008725991835","424.966715814003","459.423485564514","451.785607360932","445.298953574144","429.683284769009","425.917203059698","435.291720245938","389.838399668656","404.225947860705","413.776472009513","409.711860406765","457.829149694357","485.05623017393","358.038553004339","360.050431569187","298.852695048567","337.839583299933","359.139742470642","365.61257140559","367.888388003025","359.326174564028","377.738635531548","355.439130988616","374.815740144912","413.081573267984","462.69284908131","520.051978903637","593.589508638215","688.798854303596","797.853979826874","765.227759350497","812.484497775064","873.650099679893","881.63617561985","961.217621514844","987.602359884364","917.924140878178","895.291971418288","944.105800649501","986.447970381036","984.553372875279","963.808519118256","1062.58689269634","1123.26894975331","1157.85200500349","1220.84577070029","1331.89997509038",
"Croatia","HRV","GDP per capita (current US$)","NY.GDP.PCAP.CD","","","","","","","","","","","","","","","","","","","","","","","","","","","","","","","5369.10978590681","4000.91677428625","2321.15204123035","2447.50319141761","3237.92646315285","4929.02083885825","5299.74887884048","5330.9148941072","5712.49829262763","5269.01488637462","4953.57515008131","5364.88188501029","6219.56093667781","8189.99059314699","9718.92771524605","10443.4484003498","11501.2327422844","13755.8149054063","15888.1184388903","14474.52513863","13729.7472872883","14691.591757962","13507.6349882758","14135.0903485872","14186.7712230471","12283.8750299177","12820.1872746645","13901.6498657787","15460.4560798984","15563.7354996625","14807.5559227544","17788.7601163765","18465.531473659","22183.4982258492","24049.9441746337","27103.9116109268",
"Haiti","HTI","GDP per capita (current US$)","NY.GDP.PCAP.CD","70.8024454423715","68.99056510131","70.4464617057034","72.3983493523801","78.4520158485608","83.6332514169638","85.7493738145357","84.217267674485","82.4057717596557","86.1269803448153","71.4543990624631","76.8116150679491","77.2765182599349","95.1341802581181","113.039260601755","133.631792050575","169.091888071558","178.696912675895","180.321253919424","196.20196855612","246.46927157982","258.468043101302","252.607250558051","272.823694996686","299.247186216373","324.575156092964","366.997344256492","317.635520687503","397.365336276412","407.498708064211","451.720249689216","496.545987433864","316.276513134354","258.066372258817","292.134224374091","372.006104665125","377.229465025972","425.111085879256","465.363306259051","509.578585275375","820.600046761464","748.821159844528","720.969568042522","578.995291079709","683.185298155273","775.845704056916","828.805700289589","984.566983448521","1094.66058421644","1196.8528706018","1209.72733503094","1312.03953552013","1361.39396587374","1457.83221179626","1460.18898613914","1411.12684746796","1318.40268167953","1395.23945184461","1496.38048970156","1352.17204191532","1290.32538667383","1824.6798742577","1748.40890116803","1681.84407667059","2060.35591768638","2694.18969101404",
"Hungary","HUN","GDP per capita (current US$)","NY.GDP.PCAP.CD","","","","","","","","","476.434350138292","527.231617602682","559.197091346639","606.852738581394","709.652502602719","875.981999921224","955.874207823024","1083.47473343284","1248.79851313891","1388.39509904029","1617.87853402771","1864.67188851588","2158.22181355246","2213.05267699322","2255.06405686887","2049.71617921793","1991.23894795513","2020.02286569062","2330.84188308476","2565.9739107384","2812.23754602897","2902.43508126549","3323.53967237633","3361.22268037924","3747.32966394956","3886.66608419616","4187.0311799663","4509.41740910077","4542.0120380978","4606.0569733295","4751.7732430202","4801.95949584162","4629.91760812548","5280.94887987063","6658.04494326809","8410.09248198479","10291.2694721409","11212.2046968994","11478.4891640501","13934.605460375","15762.6322515113","13051.1831777184","13189.8433874768","14211.460557822","12950.1594488143","13739.4620151401","14352.501883174","12782.9412577973","13215.8605277789","14736.1668157258","16605.0570511887","17012.8598553199","16386.9308821258","19030.628130329","18428.028825614","22208.6509820466","23305.4482514359","25907.4743259406",
"IBRD only","IBD","GDP per capita (current US$)","NY.GDP.PCAP.CD","161.748943873011","161.855676270183","160.980506039824","173.489255061673","192.149068090934","205.898219023485","207.834649788943","208.907878487767","216.355742640155","236.007665606016","251.050475278576","267.423501050215","294.871805358005","374.160026012392","463.676979463642","490.774676105766","522.497363421526","581.100597841974","630.671323719161","723.356206283053","843.159134442134","889.046214731184","859.460989228226","832.951095722323","846.292077467512","862.944689311166","879.140839428233","889.10854643521","932.994545666515","954.464067296265","1053.45072478615","1005.73004680055","1034.41259415271","1084.94374892749","1179.81975453589","1337.83553415736","1440.00849018033","1506.90776939703","1428.92524053517","1374.62300047243","1477.69267353361","1481.39214433174","1487.72265916078","1652.80727671574","1947.23507651148","2300.5584330495","2700.5584752855","3321.08172264245","3945.34608241117","3790.75249729841","4561.8882339923","5343.53397444837","5618.13811823482","5846.25966334365","5950.16216217417","5546.81934137697","5535.21577803788","6053.47287028012","6392.20731313147","6474.8042775296","6189.46595997499","7312.40590533832","7679.78639337735","7892.13359236419","8186.57476056638","8599.35834895508",
"IDA & IBRD total","IBT","GDP per capita (current US$)","NY.GDP.PCAP.CD","153.658770810606","154.367928654215","154.760358502002","166.776501468963","180.928622051344","194.342999141353","197.328213739843","197.80838585386","204.723933311041","223.354172954701","238.185751843073","250.851417465398","274.410454453283","342.873848755811","426.399311708127","456.033410452092","482.392960154396","532.974911440672","579.285108154482","661.566325026004","770.291763967715","844.790702346523","810.928183080302","768.748521968735","769.527853950415","782.660340827467","782.786069382439","790.653323081828","827.030176671926","841.799632361908","927.838550786246","893.277467173485","902.964360597351","943.632238221337","1018.02309960695","1156.83287913201","1248.05283536482","1301.14093691898","1239.94882005864","1162.82107447661","1251.89644845646","1248.9779659314","1256.74155740893","1392.51743382731","1633.26981850024","1919.85540188438","2247.88945009061","2742.89733889853","3246.16083645656","3109.97518704155","3717.27572230721","4326.07595088347","4533.14634719975","4717.03916410479","4804.51316862211","4477.24409653758","4450.00988856601","4833.02970118676","5085.0801851085","5168.03480575859","4923.39708871472","5754.17990139813","6024.32591287554","6126.38809068241","6304.3969997243","6613.2094697403",
"IDA total","IDA","GDP per capita (current US$)","NY.GDP.PCAP.CD","109.787913812862","113.150098774185","118.683655877752","127.891101453532","123.244146013201","134.456067409978","141.452516179299","139.674952354661","144.117215216153","157.512077018646","170.564837608184","168.378278580986","175.628141067543","198.587898945866","253.641197543831","290.739107044365","296.023875558597","314.174300610757","345.884958973913","385.480697608168","447.321785050284","617.156818381701","572.142509086273","480.669795619203","439.906129191806","441.756024157099","389.741864955306","392.115702784662","402.529844183473","393.778570156872","432.75805991946","455.440848252384","395.285753593956","404.338000670561","407.473154884272","482.466076552497","542.179389989098","553.28408384609","562.035768974593","409.120311050721","458.450137815774","442.155782696439","465.592286036378","512.591796853946","585.169295585171","664.968624835506","775.720250575223","888.098620952193","1033.53201301258","983.967184072154","1114.11982511932","1229.70549062646","1268.90303240531","1352.92860920219","1426.50032692763","1357.9051932623","1321.74768141485","1357.47789528252","1411.20738303305","1546.57261928545","1467.74475406134","1569.43031809587","1651.01916315494","1536.73358897841","1487.2803211344","1608.08422318374",
"IDA blend","IDB","GDP per capita (current US$)","NY.GDP.PCAP.CD","99.630086640168","104.274532558611","108.527202243478","112.550598209092","120.301169372577","126.606835909544","134.372492786507","132.035396916859","136.60097571423","151.273009043362","198.686299060025","181.605754029018","198.632670859861","209.703032954816","289.637202081357","325.432942756318","380.02709800709","396.757447467945","424.361812850224","501.251164783132","612.367671988237","1078.43779172704","953.542282534373","708.403751993462","595.172664448521","579.675398817695","519.243541042603","518.767841753053","524.159879819327","493.693837000496","529.418516423727","549.405337140446","519.434174296556","535.686222828689","568.239663876701","774.076600795021","925.698418754674","943.89510994302","964.268672872189","530.021605991589","619.821306061985","602.892871771324","644.972024028045","712.277506392089","837.139763788514","957.944483664019","1148.89181901573","1296.2173611862","1479.93269655131","1350.16810895914","1546.66486887393","1719.51377446132","1858.79619423645","1985.51999918718","2113.88702279641","1967.8941145813","1810.82104602308","1808.86674135882","1873.7385939606","2210.55539131628","2014.81189013082","2148.31628647273","2241.22931753571","1922.68195677238","1658.96290902751","1841.20446420685",
"Indonesia","IDN","GDP per capita (current US$)","NY.GDP.PCAP.CD","","","","","","","","53.2051866988581","64.6547730642556","74.0988114128793","79.118823484002","78.5428393869752","90.1147549138956","129.886231088685","200.710984454591","231.060120618497","275.713167824796","330.670214101079","362.483779779007","353.424175826329","486.620172021155","560.830336032961","577.745632722784","507.682945653414","519.774063103241","511.400883618027","469.834241253429","437.60655039936","476.662483405818","524.143027322576","578.420121135382","624.387495384411","673.67103954742","817.395116417856","899.793982949817","1011.22614205568","1118.92133024129","1044.60674832472","454.877800792123","657.268934667018","763.711124950924","732.307093405708","881.002913569131","1043.2105838671","1126.84004447173","1238.21447629488","1558.31562847163","1823.21976255073","2124.55483920618","2218.48541852977","3065.68348377765","3579.46442466152","3632.27254030331","3566.60284506078","3441.06808464008","3288.22269725538","3521.46943457574","3798.88326174526","3860.95353090726","4106.94856160358","3853.70288774146","4287.17313995098","4730.83484836107","4876.2992959843","4925.43644992666","5059.62596411213",
"IDA only","IDX","GDP per capita (current US$)","NY.GDP.PCAP.CD","118.855034932979","121.579634598404","128.005933916882","140.445032044762","128.569169093208","142.913170244646","149.667665450542","148.153251695021","152.652438556096","165.707926746714","159.488529922422","165.050576760796","167.230362879486","196.95650435364","239.903711265147","278.359863454777","257.297938296456","276.230970322983","310.496030310799","330.297837782829","365.327888218087","373.409963363689","369.743481038436","361.493281789514","360.113993407762","371.128029491811","322.594473666495","326.122328598705","339.246461355546","342.887489750185","384.274460421494","408.36749317152","330.839597372872","336.008982483225","322.939159286334","326.466238897902","335.77328583852","342.673098732758","344.631431908226","345.941493745268","373.051251961926","356.699060688205","369.922434331718","405.965046031424","449.904326574615","507.282797445149","574.088143326774","667.193009421069","791.399137322918","784.649862360077","877.931098861538","961.703390548921","945.920267718204","1006.28967463937","1049.90073249233","1024.03892548547","1054.71572764683","1111.6681922431","1159.99786764696","1187.14057928369","1172.52623503626","1257.78054041357","1333.98547158611","1330.08005697828","1395.67575971244","1484.11159862857",
"Isle of Man","IMN","GDP per capita (current US$)","NY.GDP.PCAP.CD","","","","","","","","","","","","","","","","","","","","","","","","","3892.81857107699","3980.23093051439","5507.18003873984","7012.1421130624","8768.79053218172","9110.77499886082","11049.8949396235","11768.1058977186","12150.8545456352","10818.5139663414","11708.2857474351","12896.5252829716","13979.8454930411","16160.7112518361","18753.1202301034","21042.1461816648","21161.3963073772","21819.7123825606","24471.0798814847","28861.6178062918","35564.6023910146","38135.8597885858","42627.5089352891","55040.2437046236","72276.7741329461","66156.105656847","70587.3140283741","77808.8579649376","79329.2034347434","83207.6588430451","91885.4528718026","84753.5187422732","82025.9454509241","83481.3038489014","89393.8244248812","87127.5517977404","79513.5330346598","94299.969348965","88328.548125887","90015.2074234398","","",
"India","IND","GDP per capita (current US$)","NY.GDP.PCAP.CD","84.9328084793106","87.8538613470205","92.1999583629516","103.435021262932","117.856430772855","121.50831902883","91.0276950517841","97.9951481214155","101.556802521195","109.477664384288","114.35532002008","120.680595539912","125.270705961882","146.568492582405","166.699661755332","161.086694022079","164.119999587322","189.585568552477","209.389063573463","227.958179873426","271.080945953678","274.964330768528","278.65038258267","295.999773299382","281.049867840717","300.928258576378","314.897116402542","344.941028293075","358.484539641693","349.915155021864","371.085936203765","305.574055928592","319.182472626315","302.884806246174","347.73421473994","375.17600537305","401.046754673579","416.228116203753","413.630864056851","441.927991436397","442.750218937263","450.357900514128","469.149928973927","544.143133545002","624.258826510066","710.488080408949","801.668353659022","1021.88707706826","992.519584923828","1094.94974598436","1347.51939071367","1445.46127486037","1429.32199520032","1432.84397512195","1553.88396075118","1583.99815907985","1707.50892912243","1950.10468280866","1966.25455171679","2041.42863698585","1907.04251637669","2239.61384367482","2279.98145719369","2434.44826340989","2591.9916607122","2702.47987141553",
"Not classified","INX","GDP per capita (current US$)","NY.GDP.PCAP.CD","","","","","","","","","","","","","","","","","","","","","","","","","","","","","","","","","","","","","","","","","","","","","","","","","","","","","","","","","","","","","","","","","","",
"Ireland","IRL","GDP per capita (current US$)","NY.GDP.PCAP.CD","706.551022345168","761.851359570018","821.344113076887","878.156576476286","994.607331611746","1055.03624701098","1107.31823034754","1187.18321236576","1158.85549787929","1330.78329549951","1486.51452734638","1703.93218277317","2080.46514718169","2424.26904706558","2516.92768605196","2973.40012301715","2919.58308695615","3427.0734359204","4399.98680535092","5429.96200087479","6372.43777545453","5986.1541089392","6160.63829313723","5915.24177164341","5692.02738597285","6011.7355464232","8112.17136316453","9581.91308572415","10715.8702780539","11175.816603647","14031.3025675469","14087.2074393708","15714.3847487231","14657.0615549805","15902.9296755168","19158.4564773907","20835.8977130847","22551.1139134126","24294.8547674007","26338.1077543817","26334.5672050501","28282.409882073","32705.4345565698","41203.5295847568","47754.2023194244","50933.0216095589","54329.1618599624","61396.417461176","61353.1065629523","52133.0906162544","48623.9666422487","52613.8540355689","49335.8408099555","52537.6108648692","57214.5379785709","64250.1385181257","64129.5571542383","72161.4047531385","80804.1123164826","81827.6688873996","86514.0706108754","103783.446284479","105190.685952731","106818.917130804","112894.953240805","131592.462547877",
"Iran, Islamic Rep.","IRN","GDP per capita (current US$)","NY.GDP.PCAP.CD","195.57752721271","200.081529294917","205.786809656996","209.559376274106","221.731727810865","247.526675505342","262.877683796365","283.733705768331","314.285456656503","344.60168745738","376.606879152564","457.283638013187","554.748034126016","850.560177143749","1408.96571902093","1531.70617122603","1953.51969678549","2243.05559538309","2100.77015324703","2352.42655152643","2368.39285730478","2393.44985576145","2844.87611384065","3397.06140021273","3395.33697556582","3634.03209560745","4064.34667297515","2513.15111564745","2234.46235141335","2124.97214820344","2137.94222739877","2194.43906803657","1957.48507794252","1038.10985682067","1167.76272513795","1550.0095955025","1914.78121294313","1790.06617575598","1709.19334096046","1739.59462001458","1650.01385833785","1881.02266635283","1891.25756091033","2208.99636552406","2672.4226651404","3132.0508192007","3618.91601364428","4687.99166260718","5377.4115072957","5415.52280553446","6291.19443655454","8025.68743364356","8114.08099831877","6222.74194840326","5672.06372896319","4952.73355532178","5710.59947089104","6000.93346404409","4783.01067340237","3997.4935449585","3202.50003502169","4605.14881318992","4721.20437099984","5049.29931642754","5190.16959024821","3924.38017821898",
"Iraq","IRQ","GDP per capita (current US$)","NY.GDP.PCAP.CD","218.917802531101","232.392612190864","240.653442461626","235.513623763733","269.423092996101","284.77757098584","298.205666763491","290.643664484678","318.832552563525","319.860143218706","337.042912609442","383.550287036941","394.41834302923","475.586335675674","1031.25081332691","1165.88163945653","1488.54335200482","1608.79545129648","1863.21761229727","2871.32952195974","3867.64500744262","2700.41204790874","2941.9748125381","2743.35449218755","3065.7178266236","3087.66394151806","2940.40623181091","3436.4763126353","3707.20841763297","3791.17027583399","10261.4157706888","22.9521327615352","30.2539012636825","53.7437842348819","198.182101881974","619.135530927038","485.258492784825","936.341170908421","900.937142559106","1560.36466710272","1980.18916038782","1435.695683789","1266.15961275094","817.887862499622","1328.37157628292","1762.39360423421","2276.55435744086","3128.99010329066","4542.96609046032","3714.71205987194","4461.75196161555","5775.54229080293","6477.59618450955","6650.35282247395","6249.39226978969","4440.14189252367","4334.42096404188","4759.2846435467","5646.68932074742","5671.8568632942","4295.18945121228","4868.49431080783","6520.73154560584","5965.31835077761","6073.61032342708","5409.67899716967",
"Iceland","ISL","GDP per capita (current US$)","NY.GDP.PCAP.CD","1486.46439009414","1489.76679890669","1641.15155373051","1924.23982220827","2414.00707361378","2861.10787055081","3378.14472198321","3283.55115538008","2473.42372591393","2142.21248048432","2666.41186614479","3365.77524019906","4155.18509800672","5627.40706667636","7286.65658517311","6679.78429144579","7848.3489698757","10305.3113349502","11629.5158682259","13082.4948327554","15339.9112964156","15666.3769807272","14191.030215493","12079.7974639769","12377.5860216394","12793.2725790514","16979.5217287811","23238.0398336304","25306.6926061001","23218.5398304599","26272.2452156659","27739.8886025504","28072.4041083276","24404.0275812365","24858.2031335605","27564.569102386","28583.5208959793","28461.7664095122","31519.1647473126","32834.4215745364","32503.578963236","29208.1981853568","32749.379004627","39944.2104095591","47809.6073050042","57783.7745608117","58172.1426656622","70483.0117228535","57489.3399795216","41483.7843682814","43776.4677400475","48254.953927254","46594.9869146614","50173.3360061057","55140.364935793","53505.6964079339","62854.0906407932","72976.3729990975","75633.8651351915","69296.3144361601","60127.9393575616","70425.4064277273","76376.9599334915","82201.2908518078","85863.1479330343","98323.4849517418",
"Israel","ISR","GDP per capita (current US$)","NY.GDP.PCAP.CD","1451.5903109258","1696.24617989795","1292.77087568172","1485.40019127208","1624.99451704719","1688.02690245959","1787.90326815958","1733.86080664945","1946.15038618968","2187.68382229652","2488.95164576854","2296.57604294835","2927.84825258392","3628.80694978589","5082.02840502237","4669.11904204137","4513.58700484185","5050.05464734453","4794.13643482063","5968.24843914695","6544.50362739779","6791.05685880676","7253.09649399706","7955.07704171781","7363.95669425997","6824.45042270889","8330.3190555308","9847.32839673896","11845.6681707365","11600.5127462448","13300.0985026479","14337.2280625182","15500.4201495689","15169.4731267116","16796.463811535","19013.94330229","20212.9229756617","20457.3857209047","20175.625397054","19808.8555169876","21690.237340061","20948.7745727671","19058.7462869465","19624.0321412582","20550.0694706176","21261.7474251846","22499.7541717986","25688.901610248","30231.0191013609","28469.6817348489","31398.9266927022","34476.7252065949","33268.7066672115","36980.622214228","38265.3651949373","36138.13561386","37571.2561196275","41013.2575323519","42269.3770257585","44091.8678022544","44590.8237253282","52258.4693499398","54947.2091250715","52126.4489280033","54216.5218142787","60336.8477964194",
"Italy","ITA","GDP per capita (current US$)","NY.GDP.PCAP.CD","836.905850281885","923.08778375214","1030.15800343763","1171.3869628098","1271.80119301518","1357.0106162201","1458.94713889011","1595.48578129215","1718.49646427147","1886.45002730465","2111.71986404332","2310.92376058816","2677.29372999774","3212.63949627574","3629.49182319594","4116.45964933054","4042.39482463789","4614.21004931651","5623.42917622719","7006.39699054556","8476.41045000836","7640.40241250516","7573.93967597775","7850.62789042275","7757.55374836822","8009.10347642127","11341.0939892903","14267.5368168757","15780.9495122174","16424.4301587005","20873.7834092719","22007.1350964074","23297.0460325456","18781.9529427137","19382.2002150155","20712.1798690324","23122.9337219116","21883.9872666651","22365.1837644545","22049.9990620261","20190.0035636084","20570.4385917862","22451.3964379368","27577.5700319855","31348.1901841445","32062.723833669","33537.1286994269","37826.1754554823","40828.5795580937","37099.6133958219","35856.8625485539","38432.3742820019","34854.3949441965","35701.6746002376","36028.3494022349","30639.8829751432","31391.5692898108","32844.115660604","35062.3364176949","33812.788724868","32091.4866621366","36852.5425414951","35653.9042103495","39279.699782164","40429.6224047352","43308.6403060733",
"Jamaica","JAM","GDP per capita (current US$)","NY.GDP.PCAP.CD","423.674098184095","447.057273660594","458.313997796567","480.336499711715","514.416511313452","549.493560414107","612.210363692586","633.259680574944","591.045817173244","642.133421058915","747.909399172491","808.866506083755","970.802906405502","971.802513228502","1192.98569350958","1416.77546764568","1449.977882067","1569.42127051131","1262.40327239465","1144.17562986584","1248.74484727418","1370.41277901541","1494.40208283218","1619.4784563122","1048.13405395534","916.872292838674","1191.34976782142","1410.84598702428","1632.01481656159","1864.98497550062","1929.59891905857","1710.30058243722","1458.10146892635","2220.51518327186","2202.85831038471","2630.84935382822","2928.89692611996","3296.91634805083","3419.49352868739","3431.56813468335","3453.09252800226","3503.55026688858","3680.64551727724","3549.70758394618","3807.56293124552","4184.43974867497","4417.00127135363","4716.48612542727","5029.80095281745","4428.38153333557","4809.977380312","5232.63644918132","5340.83333232158","5124.21301411137","4975.11325459872","5339.30718256806","5302.29553353854","5605.43541173019","5976.90362644337","6030.68896415921","5299.04530804283","5625.67806271236","6626.47502388538","7542.39855849054","7753.8119527678","8002.92104076242",
"Jordan","JOR","GDP per capita (current US$)","NY.GDP.PCAP.CD","","","","","","545.513861689675","558.402981092455","496.922746235673","408.842352820548","474.427887073594","408.596257509347","412.218818849468","459.874244108895","530.783996638002","651.095948462669","717.7640972871","872.506019353732","1038.52230070493","1248.90326044987","1518.82451343828","1750.09801076564","1885.14842198943","1928.87589643338","1939.33654498872","1871.09074979987","1797.02877146361","2200.10278230881","2216.87045179385","1965.98031813995","1260.2518650001","1148.59005469899","1109.65564611997","1286.6347360596","1289.4145431007","1367.18721776691","1415.71151592128","1410.17424189419","1435.87593846863","1532.11380395602","1544.58750592979","1570.61002940477","1632.29454010563","1706.26744384401","1775.67625581432","1940.08641342805","2087.87079273635","2342.63459574933","2506.20599484139","3669.83012701745","3845.34388086274","4139.04283161368","4363.42800211536","4593.83609729005","4739.02253641778","4610.60460269382","4441.61896013754","4366.06999647268","4449.34618076611","4533.97658437205","4557.79334729121","4411.48321838396","4581.71967230365","4754.41362207378","4906.23543006639","5073.92103605892","5347.77731384797",
"Japan","JPN","GDP per capita (current US$)","NY.GDP.PCAP.CD","519.415170624485","621.68620494448","698.981262831415","791.924737477456","921.88053754104","1014.65899631996","1167.69027982801","1354.29188416199","1585.98057427556","1840.94789376713","2144.98615266911","2370.27536037237","3095.27540388466","4146.53123298424","4541.99349265674","4876.47163169944","5422.25981204974","6609.09338399173","9201.91586719521","9497.01423554433","9872.35315959728","10805.9900652449","9985.92408278337","10876.3275267125","11443.4617086944","12058.1469373485","17819.3400779496","21586.9260294922","26036.864097278","25798.0054757546","26344.7273187725","30048.1401766828","32666.5024513195","37110.6114371751","40774.4450809919","44947.4763611465","39929.7185750327","36331.0311480645","32835.1192750829","37028.7168989208","39752.937397755","34910.166403687","33315.9165174962","35808.6816792388","38677.5708064787","38158.6758263963","36354.4271646349","36129.9535132925","40294.2081309702","41678.1783063195","45378.1378109399","49122.077634247","49626.6830327571","41369.1948479498","39172.8471161948","35664.6446110613","40214.9688631562","39679.8635262948","40645.478086519","41424.8655601543","41098.9739004553","41580.739040705","35548.2645222433","35215.003535366","33797.1014287876","35951.0449549304",
"Kazakhstan","KAZ","GDP per capita (current US$)","NY.GDP.PCAP.CD","","","","","","","","","","","","","","","","","","","","","","","","","","","","","","","1570.00883112591","1442.42455540825","1437.59848100913","1355.13493859139","1246.83633018218","1217.79138769863","1281.39152895397","1381.63593295187","1414.59289652597","1091.54727722159","1180.0444563226","1422.27331810957","1573.55219932325","1958.02050246511","2722.47407755402","3577.35804001782","5030.13494711519","6449.43931096532","8123.54705891736","6938.01175663001","8793.07589980782","11287.1464926039","12018.7966527993","13478.459627612","12427.7094576939","10196.1226255982","7475.56688689424","8943.08416791984","9472.48527327758","9457.12614657136","8781.50797787648","9983.60103576902","11255.3396437881","12879.4275257974","14154.6324958076","14692.1331757237",
"Kenya","KEN","GDP per capita (current US$)","NY.GDP.PCAP.CD","102.824417465582","99.2716957068382","104.600455936259","107.393655978243","111.300544823892","106.865601340262","119.833476389359","121.90214207834","128.654646882243","133.310793093247","141.039390962597","150.852979093178","172.642044778441","198.578083872556","227.233442066411","241.224426147057","248.935108198575","311.48625291648","355.141982232607","403.242079834358","453.558973444809","412.883704225392","373.794835688888","335.037151735189","334.40283575753","319.503611010714","363.745117772717","386.630929992512","391.238771204282","374.489193682103","374.458992895562","344.722642127742","336.68139978696","228.998032843434","276.447871981244","340.064842175429","440.527078880876","466.723814611399","487.883239905452","433.721235701305","414.626365130846","410.700452474814","402.936385605382","442.898457253405","463.662781300121","523.456312433863","699.80237063381","840.201439476765","915.54435473604","1047.9678324485","1091.51873101194","1096.14499807675","1285.00536171512","1370.87885214659","1482.81566253497","1489.11959777284","1554.12610314423","1667.48447230835","1836.45275528993","1960.40808854893","1927.66459027849","2061.35622089594","2109.56288513137","1942.58802756191","2133.46193404026","2362.86091198611",
"Kyrgyz Republic","KGZ","GDP per capita (current US$)","NY.GDP.PCAP.CD","","","","","","","","","","","","","","","","","","","","","","","","","","","","","","","605.798144966488","569.548584035047","512.766741120388","448.554190878232","372.481759948941","364.250365258345","394.856879614212","376.427930059811","345.137046084246","258.048055936976","279.621738464365","308.41129550148","321.726775366804","380.505828812441","433.233873286","476.548193640077","543.113512472219","721.771577544361","966.388569370494","870.198894546917","876.954476440354","1117.40174350185","1168.62244675446","1269.66303464348","1264.52668823891","1105.65193844261","1103.27489428412","1221.39046807082","1283.5203037417","1421.99927504102","1229.51766602907","1349.99730650542","1739.72018344174","2138.22210211478","2514.81066933171","3080.96893823359",
"Cambodia","KHM","GDP per capita (current US$)","NY.GDP.PCAP.CD","","","","","","","","","","","","","","","","113.825789208758","128.827777341533","126.357117453489","147.101573366096","142.221617062037","143.154317973128","154.253841174151","159.206634020357","166.65319934361","174.705837134358","182.446852317187","185.759997798349","158.124375446975","244.109577464605","191.297492431658","190.181470036159","267.336306726982","307.094922385136","294.059372727558","302.1307854832","343.485224671585","324.655870983004","297.59041960803","258.780953189377","286.753596443196","296.426687526334","327.500984314444","350.147276634294","386.691123931778","444.199067529081","525.797325120926","612.252648550727","731.692295125426","866.283999789749","875.748936193569","952.274616324008","1088.98152823081","1192.80263041673","1305.6600972686","1431.56396469993","1547.32010444393","1675.19555711109","1826.35391688754","2036.67377566578","2225.87705485686","2081.73914242939","2167.40324198499","2325.03050040841","2429.74853452838","2627.87969756224","2872.42926639909",
"Kiribati","KIR","GDP per capita (current US$)","NY.GDP.PCAP.CD","","","","","","","","","","","201.023774667798","210.668594146279","256.187000109277","421.626997094822","1131.29075149996","730.441792552945","548.075641711172","519.943894734849","610.783852582543","572.794606018137","542.253599617514","567.722497103141","518.62249584629","483.107821082637","527.291455228898","392.905065394709","381.918758641144","423.822473332128","535.915134580045","514.652948165033","488.067527876014","540.125861123481","791.99610105394","747.75302075115","837.971706204","844.429605862723","985.885941426854","953.162998384941","874.484349123221","887.496019475758","845.367240231973","718.833787096781","810.10870037444","1020.50033851394","1083.2688987175","1161.78341739977","1123.19258990684","1352.57814048911","1410.62246914058","1316.62753853678","1522.10068744154","1771.12926848792","1843.55336349889","1772.08718317132","1736.70535682101","1639.85274740652","1742.66799324117","1854.3326920967","1915.56002581991","1750.24040333237","1751.87199542272","2223.54147866465","2078.7648751855","2200.68918614289","2550.98377226188","2558.66636011102",
"St. Kitts and Nevis","KNA","GDP per capita (current US$)","NY.GDP.PCAP.CD","221.584586097067","225.599127572162","230.286541058342","240.139616588017","256.40471515277","265.823194079933","289.973108735753","344.457118650064","309.027410307969","346.592027290022","365.421692149038","443.938525320189","521.083031260752","551.413363188761","720.537205812844","765.12533365911","692.139328790191","1026.25343180719","1143.84000123408","1367.339965625","1597.6489908812","1894.44210241437","2022.52944188428","2052.11116535348","2341.40772929271","2650.9864691075","3140.11209537184","3573.284031831","4205.65468298165","4723.45351878204","5373.44824048425","5464.61025672087","5947.1211356266","6395.31437746849","7065.28291984056","7406.44486096454","7788.42839854571","8626.72257471312","8710.78984057184","9116.28627997718","9319.65545093525","10022.5919235637","10453.6587064313","10175.6295449989","10944.6183741768","11783.7867154145","13837.8495311219","14757.9579751035","16604.9448615905","16503.4119292794","16622.9457908577","17832.4572919975","17532.0559008608","18580.1301949935","20219.3954237956","20328.8003530109","21387.5415511103","22464.9899633959","22901.3816403197","23595.4923231291","18859.0190361046","18361.1449697886","21011.5744209816","22576.9248439166","23960.6534357084","25223.0257622185",
"Korea, Rep.","KOR","GDP per capita (current US$)","NY.GDP.PCAP.CD","158.844150776359","94.2045938667769","106.623915747203","147.00790480127","124.24136735879","109.429276511316","134.431383763277","162.459907730169","199.982134957643","245.494385222026","281.785631415674","304.271118680953","328.021411521648","412.499262547237","572.488691764846","627.142244323246","847.205737881176","1072.85188247153","1428.88714989064","1813.9142168105","1745.57662116658","1918.41779613494","2032.25817758667","2245.56009425258","2468.68667303898","2542.88419005153","2910.82908054352","3657.71773432329","4888.68509195605","5989.2109474999","6812.9019416767","7872.65052449111","8387.16308258471","9179.96872485152","10733.9888860657","13001.7205867019","13864.9376534518","12821.6893313675","8583.43557499234","11062.5019301357","12710.2995795579","11981.4828218758","13642.9424537101","15211.5483770422","17121.6301633201","20167.0474902506","22609.7059431449","25078.4853957105","22252.3125108061","19937.3029137734","24071.2620526362","26175.2398553363","26600.5477433903","28449.3591104972","30667.0912467447","30171.7906545222","30832.0628072516","33296.9845439195","35363.9508228687","33826.9443301597","33645.7719545073","37518.4635305697","34822.4048404971","35674.095995632","36238.639908315","36226.9663637512",
"Kuwait","KWT","GDP per capita (current US$)","NY.GDP.PCAP.CD","","","4748.39284354226","4444.5230858112","4378.78429775998","4023.99037772478","4176.11038180964","3887.34562038245","3871.94559219275","3694.96497750415","3551.58710706336","4485.60842678202","4835.69104574325","5532.43234039128","12526.6031710726","10881.7216440289","11141.1981409668","11237.7967179507","11567.0653748784","17385.8942886966","19031.9051902","15825.191918191","12978.8949980867","11965.3390511088","11918.6168925905","11321.663553949","9076.70885221848","10895.6500280404","9692.34754600725","10964.6929080372","10937.5415268808","8147.10807329839","12146.19505586","14317.7209419057","14929.7441110335","16168.165602374","18201.0958607918","16977.3895620399","14066.9509572183","15853.6264423466","19296.3471698729","17374.2318664227","18512.7523035862","22690.655175144","27552.2827399787","36122.6142741227","42946.6374104066","45709.4132876371","55585.1889344442","37907.1001320042","39212.252220155","49169.6063813095","52155.2225833921","49651.0439275077","44368.7813457751","29882.2126495698","27323.6890735517","29047.6536135703","32067.9623756889","31707.8737443551","25236.0755848941","34018.6342592913","39981.7691035833","34091.9714813002","32855.7209688827","32312.3119953634",
"Latin America & Caribbean (excluding high income)","LAC","GDP per capita (current US$)","NY.GDP.PCAP.CD","346.536269017856","371.073435975522","375.205542721483","400.543110187606","433.457006414054","455.05384098511","487.232783994426","483.778541601199","507.406750341654","550.121043604474","584.490263726572","631.895250915575","698.240016948192","906.079748538235","1175.51650604504","1235.05171380781","1317.61428921495","1402.34054899762","1645.83201941826","1784.0652353296","2109.80426472087","2365.71669078025","2152.99185369304","1842.82063942281","1900.58758928767","1838.96310656191","1819.20564778169","1906.99426944263","2053.80828007333","2228.26093610375","2423.82986300179","2561.22013789974","2735.86952757135","3211.20878581133","3703.52210509094","3913.74945087913","4173.97747745976","4501.26562956772","4475.19866588809","3943.31466505042","4315.31686378392","4163.09141082413","3657.85196421423","3662.99926133031","4155.65949507287","4984.72783651475","5770.60290833363","6758.18967480352","7812.5897626227","7221.64357521268","8899.0906686542","10025.1749134261","9967.79376326951","9901.44144000481","9758.39172353217","8087.33242325425","7751.59336930245","8568.05689042807","8231.91428708974","8006.02224102566","6651.15822114273","7694.61136917625","8838.67169511547","9891.4632795533","10065.5029056612","10407.4817975955",
"Lao PDR","LAO","GDP per capita (current US$)","NY.GDP.PCAP.CD","","","","","","","","","","","","","","","","","","","","","","","","","483.017781668524","632.801098281291","461.911552367003","274.729585339944","147.070942942331","170.377296803511","200.7349054896","231.806227548139","247.345286150532","283.400573286349","320.968128951646","357.758162193406","371.341879197673","339.09319241187","243.923962451418","272.325307005412","318.749852236965","320.316005439568","313.350817148131","355.097216151461","409.296298284117","466.061506997741","579.391947440719","697.323013673925","885.747376088762","935.03237283283","1125.91610151261","1361.54704394913","1563.5650771337","1812.51774424651","1981.03910900473","2121.01339097363","2303.22156035363","2432.43059478511","2545.1075420815","2589.32081035237","2583.77730696131","2526.05105018529","2046.40440255621","2066.94979776957","2123.97909415109","2324.76353098791",
"Lebanon","LBN","GDP per capita (current US$)","NY.GDP.PCAP.CD","","","","","","","","","","","","","","","","","","","","","","","","","","","","","959.153901867443","771.001121245521","789.526338484738","1278.42125745633","1559.38100628446","2078.63864215562","2467.76942720577","2958.74263957462","3393.05090749359","3834.0590787531","4124.85527892575","4086.93872789633","3986.83513941026","4009.55929751102","4290.85283803266","4437.71588507526","4600.68371412993","4602.19804637945","4635.2514117486","5125.25809960149","5912.04532820842","7090.85493856621","7625.81051551165","7834.96257108993","8406.98405608118","8162.37929361396","7577.6413302369","7714.1099998804","8089.012088155","8608.21084982387","9174.53666204759","8905.88005497437","5561.19166950397","4045.37391066234","3654.35845534878","3477.72489842684","4473.27134441128","",
"Liberia","LBR","GDP per capita (current US$)","NY.GDP.PCAP.CD","167.171498224694","157.504686495101","160.280325035358","163.131266223133","173.926490274043","177.562432424897","184.583689159405","192.150746999304","198.647104834485","214.717911590964","220.293848130057","227.078201448463","238.610979665126","244.361727924182","299.413660673331","345.648935641772","347.498456664298","381.089104930355","394.468078319392","434.69976445937","443.027171656595","426.054939761947","422.446142509338","390.759726697144","390.407957992226","379.951475961811","364.288669189794","409.215940071402","424.325719336919","312.289255390892","172.867610123278","177.867006590279","107.842801384441","74.4272028642409","61.490431307467","62.1438140627579","71.4065248720036","122.627993745516","134.675393352518","156.573166945696","298.485340578945","300.463828598983","299.536445539621","239.779556677091","284.140223992458","287.487333441381","320.55808618515","374.211308104278","451.713856283285","448.386367025545","492.252808033724","568.087865520004","638.368751462083","710.744570927863","706.714490064507","692.590082351257","714.613063145659","699.269095727404","692.203127129794","658.164180770507","616.787867006715","667.96610514319","744.617175237387","799.194470229642","851.497723870206","915.328972645548",
"Libya","LBY","GDP per capita (current US$)","NY.GDP.PCAP.CD","269.038073094669","285.341580882777","382.084505727445","527.861939504427","764.898389420845","1000.53474079103","1250.60018821673","1436.61803256942","1971.86632548697","2174.95045716041","2209.5811758058","2442.58280826718","2829.80145194559","3727.38549878198","6213.50027490617","5720.62691135285","7017.74340734557","7783.46009141417","7251.83754156259","9442.75933267842","11959.5222690783","10044.0410042727","9063.69851267735","8927.36442785362","7811.06937340039","8087.36306792904","6018.91345215523","6464.7328401846","5736.28243992278","5792.5791631313","6502.27886565421","7039.83391970596","7302.68908679226","6477.87035840641","5933.29121354077","5205.25706378741","5591.02027544558","6061.81366033598","5301.08354775559","6894.51875534758","7214.10040377084","6312.80030498965","3718.29434696755","4674.09943200321","5773.76333234281","8079.24957329001","10048.8480434289","11144.9448413435","13906.1407818125","9551.05403869755","11600.9068649472","7593.8391525702","14975.8902795144","11951.7134126011","8926.42074591474","7458.48917756374","7525.80299308216","9965.83236729757","11196.5854810844","9963.19489084483","6650.33810585348","4935.82787349801","5986.63694851258","6026.51518708812","6569.16408678648","6448.82415074121",
"St. Lucia","LCA","GDP per capita (current US$)","NY.GDP.PCAP.CD","","","","","","","","","","","","","","","","","","","","","1428.20328921427","1604.77728442339","1489.46138368254","1575.74163524069","1979.12504018731","2202.28125368301","2590.69331524928","2818.91475118073","3182.44170096022","3565.01015783716","4204.57161863111","4398.67906897723","4759.83867808296","4764.72464839218","4892.06733637469","5147.92024022295","5244.01665086076","5282.37011402006","5672.51373770766","5882.83398968649","5879.56191426207","5570.45247098106","5567.89428424719","6058.60622059326","6494.60034867886","6863.43641919345","7611.17856675319","7964.38211480117","8516.96075488787","8250.52180732734","8673.68720340529","9128.99442011613","9260.30006551714","9577.21733754358","10044.8218377677","10334.9860823918","10638.1269396653","11333.1123822102","11642.6984727769","11764.3944032403","8537.11495506727","10481.1233971786","12976.1489693474","13616.6397593734","14493.658470648","14745.8184305461",
"Latin America & Caribbean","LCN","GDP per capita (current US$)","NY.GDP.PCAP.CD","362.351253560787","390.200342093402","398.845935134346","421.718907665391","455.987313679447","476.958080545918","511.397055065929","508.219971424475","531.647636972749","579.03874491164","616.282248304898","670.81819746698","736.596933520759","956.596604012625","1210.2875133117","1239.54020223487","1328.45565107","1426.21061591747","1668.77653940299","1830.95351268298","2177.72885550078","2434.06469447761","2191.99176179976","1893.26387904857","1950.31316641886","1888.88682742982","1874.46810480242","1972.15072096827","2121.45481028863","2298.34871040257","2498.3093493781","2648.10158385713","2841.12826756989","3303.33661640606","3793.9216892115","4035.54735251588","4294.36511838964","4634.23732680623","4618.20513526671","4110.68199542748","4472.58411072464","4326.63992053347","3839.19614822294","3862.13749613595","4385.89830635252","5229.89898576251","6047.73392908046","7035.79956287181","8077.96531899755","7495.05965615866","9183.55248272126","10334.0365238871","10328.6495660788","10305.4184021496","10146.146495038","8546.9179023802","8241.51169070648","9065.82390216762","8778.55673829884","8539.95940708219","7169.39235876452","8292.15210222359","9412.05924553392","10507.6138782353","10705.1067802788","11095.2176548294",
"Least developed countries: UN classification","LDC","GDP per capita (current US$)","NY.GDP.PCAP.CD","114.605323272093","116.997843226282","123.632711503687","138.563145455916","122.69210467338","134.599122961223","143.017770435106","141.691989744899","147.363964508368","158.848410280512","149.895641995657","153.861229649558","155.405071532939","184.237256343317","223.517287490178","262.478610232322","236.036509098143","253.736842257577","291.319025049249","311.056417773023","336.855325735765","336.85693074901","331.824481969528","319.024909088276","315.583325090303","335.835759424172","284.998178528197","295.36954701283","316.12797408634","330.835393222728","370.954181294574","392.291938916016","302.272140277671","304.198341423041","290.352446525595","290.053130894973","298.077112381066","302.953511426786","299.817612566461","300.944574802293","333.541041289596","314.11849513558","338.101121320549","373.857895132539","420.034056451314","487.477531865706","552.997930938455","648.873362581636","778.954486616236","751.965080386192","831.843840698341","925.476117160599","947.852167260893","1007.4142967268","1056.97673052647","983.414934367096","968.123330592586","1037.25514816682","1082.35070462921","1106.28664072321","1089.46260850363","1175.42321388464","1298.29338219278","1258.15690309732","1299.44368873396","1361.99182021439",
"Low income","LIC","GDP per capita (current US$)","NY.GDP.PCAP.CD","107.153556696049","106.031171549161","115.74171554182","140.645615542261","111.139805041547","126.133859481467","129.818125183888","122.163490333872","128.861530526209","143.894282668197","145.015474024328","156.13207698822","169.488077913941","196.384695517729","235.118971175471","265.581200362499","273.169230302436","307.478761388632","345.973773503555","357.35941708565","388.467904077152","390.966958258284","385.56021270693","365.284489997506","348.316312837851","327.782949918721","333.894297181337","341.881137583379","358.236490845927","376.787522576108","449.934759490484","491.390738889374","330.494269335454","346.467164068642","314.947539798859","282.542685749559","265.267480986036","274.712277315598","270.211721206871","264.176050946326","317.461777868995","291.602896137735","312.033046088699","337.323217701076","383.840853294896","453.224271956859","513.580915416891","607.256208483496","712.253935519919","682.919304926707","736.837102872641","774.510492109023","715.265721382674","719.03356976024","749.407669788052","714.836450326294","633.777355522048","644.852308695691","661.14729086377","671.117139517642","645.138571127662","694.087880017057","778.915065676706","765.64916597333","808.500564579264","837.360634569252",
"Liechtenstein","LIE","GDP per capita (current US$)","NY.GDP.PCAP.CD","","","","","","","","","","","4262.03220640334","4856.0090432336","5645.23266418851","7282.37355960148","8271.73531542796","10332.5128681378","11326.3488431219","12416.8693020523","17456.9309487089","19674.4126839447","20958.7395302666","19929.4102802351","19885.6126562976","19814.8538489961","18898.3678693391","19684.2626852288","28612.8865004795","38206.2269467289","41568.5441182755","39551.6404002324","49457.5609343203","50811.7464531317","55057.1110625654","55604.5479972049","63935.9902445462","78909.7043377718","80688.7182490376","73590.8620289713","78302.9905905848","82682.284882177","76087.911114202","75067.8001680043","79795.1785891101","90108.3673647008","100280.831356705","105295.057027611","114167.939211301","130492.595349517","143249.227302093","126024.714567466","141089.812849014","158066.369379163","148842.035144342","172823.607794648","178735.153020908","167187.15730982","165375.491396259","170547.092298954","174988.775083446","166907.839305016","164671.093553454","201944.830335076","188055.003235348","206780.590353385","220167.225473557","",
"Sri Lanka","LKA","GDP per capita (current US$)","NY.GDP.PCAP.CD","145.928701305768","145.900945139998","141.383197837884","119.352332353465","122.941808998544","155.566984755479","156.606032177183","162.294823066611","153.48764748655","163.60657987529","186.900791824546","188.760802167739","199.38289288123","220.170239208337","268.650905004753","279.82158260032","260.301495010261","292.148992496788","190.996464636951","230.775069370251","271.055290073685","292.45135975768","311.957878889278","335.823151714647","391.369617569858","384.611537689196","407.164600454213","419.824409443665","434.015552780537","430.02388973818","491.213686238493","546.292515570886","579.655117618283","607.231847102846","678.268012020205","741.838255293455","776.192371057587","827.035756058631","847.533577843861","829.356379527539","860.199884304769","803.544026627385","834.936014905338","946.382255128072","1028.62068132555","1207.21994764165","1388.89739119932","1578.63451125392","1973.58476901287","2026.65939950702","2808.36245207687","3224.95745082305","3327.77612404326","3739.43182292825","3972.04377042271","4057.71582716521","4149.19189391879","4398.88828786059","4358.56095905888","4081.94772178134","3847.60136741182","3996.96240531688","3342.63650438046","3815.41531767474","4545.36006870612","5002.07904353724",
"Lower middle income","LMC","GDP per capita (current US$)","NY.GDP.PCAP.CD","108.275586183065","112.326607367472","116.733621762956","126.246512021309","135.467543770462","140.710986854499","124.958611754718","130.12906294126","134.928371419395","144.87706963037","156.695208919208","160.011942830239","166.753199833009","191.363221327154","234.41651334387","249.677251303999","258.521713558218","283.633916686133","311.659626280902","353.154565256607","420.980120750597","507.826162155321","490.656084290504","456.837724032862","422.946584361626","441.538895261386","422.441993690922","431.080404840739","447.325093404859","426.801274030018","454.963869408772","424.485298452257","431.670718574749","423.056997423715","456.966306444545","536.749658838337","589.911633186186","614.245330733698","627.222802552067","562.29043428173","591.6158736036","590.256241725203","592.915988893375","654.795104843531","750.45634984079","854.63462964185","988.797129298747","1194.21832017754","1311.6253263276","1349.05081824823","1586.51468644818","1685.54076561724","1756.27092877802","1766.55759690392","1855.45211743703","1780.68853695471","1817.03211621924","1943.04862156303","1986.83702598126","2116.20506959362","1996.97695544468","2251.14460096524","2347.99329840156","2319.95481547486","2354.1541763908","2481.42751777184",
"Low & middle income","LMY","GDP per capita (current US$)","NY.GDP.PCAP.CD","130.445726150185","130.466129959941","130.241264537201","140.737786193714","152.571318162911","164.100746392231","166.051239642797","166.42115872292","172.201909201443","187.436303901688","199.600168713001","209.600231521514","229.60966062126","285.438380753686","356.497839028839","385.028205713154","406.15178384792","446.932337212771","485.638951276794","552.117618376588","639.296337624093","700.992891872221","677.138453556191","642.997932468269","643.837202725843","654.902415424914","654.069666681158","657.037222237304","688.773785699482","717.898021418917","806.156402212642","771.06850884093","794.124390582735","841.852362946097","924.731785794211","1055.30366355064","1148.1225434349","1200.56241483523","1160.8360989041","1101.63338383235","1181.58700856793","1166.62849081531","1165.81880007426","1282.06751065817","1485.19021783787","1731.57858565204","2012.45292596824","2438.533897181","2864.71513254652","2835.65326081723","3399.2509126603","3921.45366982115","4118.30612372108","4290.6132325261","4422.77737437186","4223.77742891002","4211.54702250163","4543.08689291431","4773.03574184686","4857.12471542798","4646.47209072865","5422.11312035073","5626.6962378216","5733.51584469729","5874.03080372303","6107.26169428605",
"Lesotho","LSO","GDP per capita (current US$)","NY.GDP.PCAP.CD","46.9517802688466","47.0464636332084","53.5421254364935","58.4076957931387","62.6207647163176","64.255497720391","64.2951651830872","64.8393253862871","64.809251529746","67.0950360280091","67.4401975761263","72.4076446248424","73.9566189783241","106.991292251913","128.666618214693","123.231375218727","117.825077692245","149.860460251124","200.845413521682","212.370938385373","306.815565970065","299.839326847018","233.939892397725","252.017748063376","210.998495414288","165.373921882027","191.375758184053","236.451032636079","270.36712009929","279.035252539421","329.563785157203","382.291247739142","443.624297195576","439.365410681482","455.593586203956","513.413448796175","479.671394625707","501.981388900965","464.683745548265","455.650054387377","442.779545779081","412.677473676821","388.92334985135","583.270036200288","766.685820928242","861.381496414995","925.467485502842","861.188420899563","898.482517882593","878.847950537772","1119.47557793042","1280.73390931581","1217.93071228944","1151.03735837227","1173.5377928819","1121.19851342518","992.491840678465","1069.36673247542","1170.65569702819","1082.05706777516","918.582574704447","1066.58645143823","1030.12582947757","921.435141557056","1023.04227681523","1088.96276223185",
"Late-demographic dividend","LTE","GDP per capita (current US$)","NY.GDP.PCAP.CD","168.323707428564","156.146682194533","157.031326239272","167.434426139905","179.619703898045","196.895582225193","214.103604689147","210.323395626906","209.15347109733","227.738636825374","252.968920601534","274.911999787032","309.627169079448","394.050619218148","464.457427454189","503.969476455644","534.778655672375","611.262213859799","626.874709146104","735.599273281876","831.839452779223","859.656279454842","854.111467346759","779.02367754234","801.809907520868","854.182675514425","894.265931224779","929.691895988642","998.906795985413","1049.34686889866","1067.64969437387","1059.6882498038","1067.83962817928","1099.45841793046","1262.70484955784","1548.57473266806","1691.02600024159","1754.32009008299","1675.38148049528","1535.05536307576","1673.00080694053","1717.76267736624","1809.49031464168","2048.6554132749","2447.19375720562","2933.48126780409","3519.25786036637","4409.30545340337","5453.26292482574","5245.34288910066","6277.14833950582","7598.75700554996","8073.2092545931","8644.25759929064","8923.25719295961","8331.63288950883","8297.33628667142","9138.44151395876","9966.8758096194","10120.4663725773","9874.06805462328","11760.0897155889","12287.4566066286","12427.24971376","12874.6436381177","13677.3231696707",
"Lithuania","LTU","GDP per capita (current US$)","NY.GDP.PCAP.CD","","","","","","","","","","","","","","","","","","","","","","","","","","","","","","","","","","","","2182.69156931505","2340.67545970008","2844.16286797492","3180.64498555255","3127.51176667183","3300.63634928559","3532.52787363242","4148.13091485015","5507.47434187652","6734.57487061946","7857.03148786492","9210.10118229413","12295.1212779366","14955.5345462921","11854.3711053096","11829.122609457","14261.8433787325","14288.1853493139","15636.5252586048","16446.1647181663","14269.8039878287","14934.2702840428","16800.1510246099","19247.2315367967","19608.7943945553","20428.6478157394","23882.8668916753","24946.5724005188","27983.3658256887","29603.7772588256","32958.6706396386",
"Luxembourg","LUX","GDP per capita (current US$)","NY.GDP.PCAP.CD","2261.17741836594","2241.36003221423","2331.55685801925","2461.90112384487","2779.18439746326","2803.85304611765","2925.22204723477","2934.52832111007","3202.50594852825","3690.17182620062","4298.03389742102","4435.39800823681","5486.72062789089","7447.21301786664","8966.72895879047","8701.30473139249","9490.6903118849","10486.3357891095","13034.3882079614","15204.3308191994","16531.1148988397","13837.1299814617","12590.9767956204","12374.0304234408","12126.9391987909","12481.9658448559","18149.8692500239","22443.4314633012","25219.3542781732","26618.0695774968","33465.478207919","35747.3377992066","39570.8615665986","40066.7242518773","43933.235442736","51032.349635318","50444.3591236175","46641.6408754876","47445.3863148198","50872.4492684624","48659.6390968187","48440.1805564662","53005.731801629","65689.3214536911","76544.9170868473","80988.2044869403","90788.8164271049","107475.320297978","120422.137934157","109419.746953106","110885.991378721","119025.057203467","112584.676270958","120000.140729859","123678.706919314","105462.012584423","106899.293549552","110193.213797228","116926.759593905","112696.649059674","116860.02817236","134965.815442152","123719.658915996","133230.619178899","137781.681659123","147252.179121515",
"Latvia","LVA","GDP per capita (current US$)","NY.GDP.PCAP.CD","","","","","","","","","","","","","","","","","","","","","","","","","","","","","","","","","","","","2256.77360387054","2360.1714816213","2609.89308697195","2893.79998716563","3063.89794599707","3278.17896440803","3504.61829462397","4003.60935783538","4914.57992829302","6109.73265186817","7283.78738127622","9211.7374468148","13370.9789452508","15677.6080864506","11996.0322729773","11188.4191700977","12902.574053337","13329.3499931271","14484.4715282132","15185.814581236","13321.9753140616","13838.5266823272","15132.4958333982","17252.1710428626","17294.9751600969","17564.2321549354","20261.8887788916","20221.103686109","22710.2637544197","23578.9663562625","26311.9730706362",
"Macao SAR, China","MAC","GDP per capita (current US$)","NY.GDP.PCAP.CD","","","","","","","","","","","","","","","","","","","","","","","4486.541208636","4207.25300817099","4611.49497355573","4701.66434223387","5175.15646068506","6380.07114016362","7242.91715984991","8322.56380195863","9692.43538809962","10707.3786750774","13249.8387410349","14754.1825906333","15905.2615421482","17215.1178522275","17289.5517956917","17415.6982810978","16094.9913844594","15318.6006770368","15731.4081633771","15810.7227666562","16814.9926424134","18589.8998330534","23407.1993692194","25681.2167315221","29813.7877167933","35400.2334659409","38888.5118044503","40354.2810293673","52596.2250160214","67046.7284292101","76058.0224963659","87107.8313063626","88355.3181764446","69902.9605741233","68911.6755919628","77570.9876166977","83588.2875009014","81882.6964523869","36883.6652578543","44884.8961602393","36806.891255461","67216.3631112124","72004.7437020733","75901.7461294198",
"St. Martin (French part)","MAF","GDP per capita (current US$)","NY.GDP.PCAP.CD","","","","","","","","","","","","","","","","","","","","","","","","","","","","","","","","","","","","","","","","","","","","","","","","","","","","20930.5821177758","","","20638.7705882379","","","","","19033.0649634889","","21668.3776525323","","","","",
"Morocco","MAR","GDP per capita (current US$)","NY.GDP.PCAP.CD","174.784133911133","169.318435668945","193.647811889648","210.635650634766","216.263046264648","221.967697143555","210.824432373047","217.304306030273","227.120864868164","246.799652099609","260.26513671875","279.167236328125","317.074066162109","380.527801513672","456.592529296875","521.838928222656","543.368469238281","610.750366210938","712.879638671875","834.812133789063","1109.88220214844","884.443237304688","856.569763183594","766.529602050781","681.909729003906","673.2900390625","855.169311523438","937.457153320313","1086.03527832031","1091.27624511719","1229.07104492188","1292.23376464844","1327.02954101563","1226.43054199219","1358.79443359375","1466.78820800781","1596.83239746094","1426.30114746094","1668.49755859375","1635.65673828125","1499.107421875","1506.24523925781","1596.02062988281","1941.87255859375","2183.55541992188","2242.98828125","2438.12646484375","2755.5859375","3183.20043945313","3119.58862304688","3067.9853515625","3301.98876953125","3164.17724609375","3379.7431640625","3435.40698242188","3146.24780273438","3140.85546875","3296.52661132813","3501.69799804688","3508.09765625","3268.0302734375","3785.93627929688","3463.1376953125","3813.72607421875","4153.1943359375","4672.46826171875",
"Monaco","MCO","GDP per capita (current US$)","NY.GDP.PCAP.CD","","","","","","","","","","","12098.2018753587","13334.3998386726","16187.4306500397","20882.02134665","22347.8999054501","27920.7436036735","28396.3794040315","30875.4764291964","37607.7886875432","44989.9653239249","50813.9342272643","44157.4267369518","41479.49844229","39075.8356409009","36582.3672009832","37689.8648613491","52082.4508807502","62456.0708848997","67180.5763713568","66815.7104498273","81734.8664968011","80997.2520924871","88614.926367223","82685.4559266948","86703.8130529474","99032.2375054091","98561.0137425657","88581.7044683607","90947.2051224438","89698.1924366737","81789.014508777","82402.7746362391","90051.4463079416","111110.460463916","125160.282928751","130538.711379722","143083.509443656","184558.455423983","204263.893236529","169150.337647299","161853.922745228","179364.009524397","165444.625782803","184940.633666281","195693.519540544","170437.021128628","173604.669723126","170663.470051177","188298.389694191","193746.729890885","176891.806328966","223823.327192464","226052.060664649","256799.911212051","288001.574856495","",
"Moldova","MDA","GDP per capita (current US$)","NY.GDP.PCAP.CD","","","","","","","","","","","","","","","","","","","","","","","","","","","","","","","1206.50208704977","1037.89950336245","778.017667420102","796.989388848336","573.798647201304","593.593177049161","575.145455139019","657.29213459795","578.734627562193","399.499818596336","440.538683980372","507.404076252819","570.799866188293","682.319095965299","897.178494749468","1034.39197746993","1183.02481442894","1531.21618590748","2110.55305353857","1898.43975710988","2436.79935102421","2941.36224066021","3044.8084324815","3321.04397795719","3289.95758568777","2749.55137054338","2847.08794770479","3453.26727720294","4156.44981956646","4405.33418162155","4375.7788930524","5274.60582195352","5744.29618434435","6799.58594644576","7578.90216348853","8621.71721623786",
"Madagascar","MDG","GDP per capita (current US$)","NY.GDP.PCAP.CD","131.69201832961","133.271232882825","137.308007316434","137.433563533649","141.534669132002","143.245722030305","150.690080692721","155.860688364854","163.588485295319","162.904752589963","166.645544206518","174.629594145065","189.640262028465","226.818255725382","255.336638120604","294.992905767807","273.522678185535","286.89632096228","314.983241249429","396.398711932997","577.592700958515","512.913929983213","500.642606965445","476.118671340584","385.408181010621","364.469101913106","404.959271422966","290.831531079348","280.528398357653","271.306183276982","326.099253221978","262.024402380479","290.2120463948","307.887603096441","258.723806434505","273.149653945976","339.877283663608","284.371843967244","284.192923139852","267.360530991414","280.282905559649","319.283278235657","304.941777398445","352.620095849925","272.20074858856","305.812074924388","324.146874882604","419.548001431865","512.579800058444","446.315238370592","450.009391645726","506.163691559309","493.511162904211","515.301589361832","505.684922503435","445.320069480568","453.970714522463","491.866848718929","500.45718552916","499.818837622534","450.771615205157","483.469463351195","504.059106969168","514.064076551927","550.37875528856","599.265294255357",
"Maldives","MDV","GDP per capita (current US$)","NY.GDP.PCAP.CD","","","","","","","","","","","156.859236934154","169.767418561131","192.238848639394","228.689027239389","281.484632436928","171.425121922398","151.835059178195","137.259189834243","156.053183880423","240.230509391253","257.612619643525","264.147517599287","274.826568598483","322.84057899403","594.488246882652","668.830135090308","720.452201133255","692.459838892363","799.082501719284","870.378318180563","956.763019768672","1054.33413828759","1194.2325242813","1316.614548774","1419.39276513408","1554.60942754604","1716.74281753716","1898.43225010526","1980.38448396751","2124.06007530631","2213.81235053178","3033.93234507036","3076.07007160101","3548.5767011056","4070.2609459446","3796.51546524644","5018.94335409159","5758.10286933053","6757.43280929292","6734.03165601895","7173.59601844692","7424.520410971","7461.29703686309","8236.08177944126","8939.07416571472","9644.90655028145","9947.80744731739","10509.628805812","11423.2838427029","11740.2724029785","7393.8886543933","10176.143882547","11786.0191492983","12587.6126038651","13379.3513577224","14614.7208116541",
"Middle East, North Africa, Afghanistan & Pakistan","MEA","GDP per capita (current US$)","NY.GDP.PCAP.CD","183.764112558961","191.182492157885","185.290797518838","198.844712873022","215.746522050912","230.925056098501","241.817862474893","255.421030574157","282.264965532988","304.572399686208","334.663204231292","370.976758247625","425.116995033682","537.976111709781","949.582090979261","1013.0914832137","1220.71978506766","1373.83724500947","1415.93404840373","1784.95609197504","2223.88082538005","2219.59982205437","2156.08168267356","2113.53523107294","2068.79799053592","2039.10477468142","2000.35003119441","1810.54216765841","1755.69263514938","1756.36670264943","2183.44230721402","1708.79382675855","1751.90899816556","1598.13502545136","1643.03794043181","1775.34234828612","1918.23389436435","1954.37937585732","1868.35065041968","1974.72512174751","2220.17760810318","2152.65763807858","2092.42649543325","2279.27390627646","2623.96338362197","3050.54818555888","3482.13613849624","4009.6538543062","4838.92296020983","4261.00104677278","4874.74374602995","5735.78283895152","6052.38238208124","5871.07008125381","5814.71484290247","5130.25978607342","5130.21030038801","5283.42471158364","5550.31969384997","5416.06362418233","4749.14341262891","5622.19134191977","6436.74030312288","6144.70308054742","6275.43469598207","6202.19002141299",
"Mexico","MEX","GDP per capita (current US$)","NY.GDP.PCAP.CD","355.075199563018","373.712216995471","388.456702411498","419.552066324849","480.704214437745","505.854419498816","544.935854193449","575.769037534418","615.922912128842","659.71750685117","699.006845485029","747.912361003254","836.569673446138","993.042879548426","1256.10280601329","1491.97048611111","1465.49877862474","1314.62044481645","1604.40920452482","2049.26468871816","3054.62162291784","3829.14437544129","2620.95793392947","2169.85285279223","2506.30742754755","2601.70825226684","1756.93563367491","1888.2631431041","2278.81222720992","2725.05572275442","3154.46920349038","3708.8420548157","4220.56643677057","6048.34840388099","6202.36588372862","4183.87847727479","4674.36792733681","5567.35599516667","5832.69342004468","6499.97182950425","7524.0271380091","7952.76479510706","7983.03398381759","7434.07465031562","7849.66759649565","8671.75891798441","9512.63575346699","10134.3327129706","10523.7685427665","8423.56933148639","9728.80078307432","10664.4944032313","10744.1335236186","11216.800851866","11391.3773503964","10021.2386113616","9097.92397674769","9649.27816729586","10084.7937570364","10369.5553593527","8841.27074929751","10314.0506733708","11405.7940469896","13830.843848864","13988.0423745241","13889.2339628708",
"Marshall Islands","MHL","GDP per capita (current US$)","NY.GDP.PCAP.CD","","","","","","","","","","","373.212871726587","390.174184712831","415.707402467489","472.208860502014","601.578589500316","638.193048864418","671.834758151068","724.219486848706","770.91776875282","859.013585311722","867.961688438292","968.86029296936","1045.54301284547","1199.30481744276","1244.87094639312","1162.01901432695","1425.16418062414","1542.64230430097","1670.28189314997","1670.21520671775","1758.40820990836","1810.63465589888","1963.07234629646","2112.01240099378","2265.0695841717","2490.98744457796","2272.84469502819","2230.75377088451","2254.16054870567","2257.92000318712","2264.79114897645","2394.34501105178","2566.06708799222","2539.3307383954","2566.08291015814","2658.65217893885","2754.26988767503","2892.28403958874","2817.60522775322","2906.63026970914","3095.45768964722","3319.39815439151","3514.26515490383","3677.90690791421","3735.23977829545","3764.34426229508","4229.80988911945","4592.83457628576","4858.12079054875","5292.33985502306","5661.96787336674","6315.31172190393","6455.6603538189","6799.39217554794","7590.28443592202","8489.05793506422",
"Middle income","MIC","GDP per capita (current US$)","NY.GDP.PCAP.CD","132.663208029646","132.776709309712","132.012183828056","141.786576489141","155.998234041019","167.424914885922","169.294530477786","170.117379862923","175.897888855997","191.263042562719","204.140831671986","214.163936226723","234.706862261809","292.593705951929","366.04351989069","394.736016792026","416.846920401435","458.376727000593","497.50001123677","567.787219513885","658.923025759759","724.522351964295","699.463894503153","664.38472675118","666.438818770495","679.631635489778","678.522987405872","681.367237565736","714.463538617424","744.689168415595","834.86710906655","794.753759040852","830.780200602807","881.582417468646","973.577650135458","1117.20867019182","1219.4022241552","1276.23621024903","1234.61362736215","1172.02687970901","1255.46174685563","1242.22843960232","1240.91759491541","1366.50745222422","1585.10628044678","1849.46883810202","2152.970922294","2613.04907204417","3073.19618643341","3047.40789191738","3664.92162337478","4240.03549037097","4467.32549649132","4661.49740787105","4808.99653991663","4597.60474958281","4598.01556540424","4970.75305971396","5231.9314869653","5333.00944959533","5110.03730012152","5980.00050387597","6209.92727259514","6342.84660727863","6507.45727213279","6778.79773310904",
"North Macedonia","MKD","GDP per capita (current US$)","NY.GDP.PCAP.CD","","","","","","","","","","","","","","","","","","","","","","","","","","","","","","","2277.30372314314","2402.13517656378","1198.92829846257","1336.64775641463","1786.35488334914","2355.24705371138","2306.53366957635","1959.56073782188","1875.81662735988","1915.39281060996","1861.89899780644","1823.02267682636","1989.13537265159","2445.36286400013","2818.5814561242","3120.98401394233","3440.4411057968","4204.11328760452","5026.4202989873","4799.78722768888","4833.36586759968","5416.86672931659","5049.8265386157","5626.26115664893","5925.38592218015","5262.68671928674","5598.48622617967","5955.2973863451","6713.98925398989","6718.85826635458","6659.59651070776","7620.80296977508","7606.2375253797","8674.35846327485","9291.8566035502","10489.9255355525",
"Mali","MLI","GDP per capita (current US$)","NY.GDP.PCAP.CD","","","","","","","","45.9854448702914","56.5137530466331","55.0226859514125","57.3207870762744","61.966462690907","75.0521043387011","85.4440876506614","80.2252214087116","121.497572665422","134.927575165475","148.052694572807","169.123319071279","216.320734146311","359.12056332085","290.478605534961","213.773956907607","186.276028899026","169.067780598011","190.377454158271","250.013920202755","280.723262413678","307.019371606958","313.871327696511","353.903252431339","381.993534663018","385.278654501558","372.412257638931","266.455340175594","331.193112418678","359.662096056414","320.751522972854","356.64704402466","364.415678421892","304.652870189314","346.224554248587","378.191678628068","441.910358475171","495.006294675661","548.730382848879","586.985415512593","670.853394978069","767.194838946144","787.48256428259","797.151541141189","938.292902579598","872.506092463946","901.920957649814","947.915033293219","838.11986940103","872.468587171653","924.057531692284","996.379292136901","971.949318638092","953.242943290974","1027.27345365357","976.914116406452","1042.44223444837","1093.2523323649","1193.27601004701",
"Malta","MLT","GDP per capita (current US$)","NY.GDP.PCAP.CD","","","","","","","","","","","828.44472588263","874.061727024101","975.720378043786","1143.66679643467","1245.31823028606","1560.10519115107","1726.55944845303","2037.8641908695","2558.73455468428","3195.51431611516","3948.26572689504","3898.36853997864","3787.91647703123","3526.91395139354","3332.82018387922","3322.30879632858","4194.53480236296","5083.80179308013","5814.44775940093","6040.84054229986","7192.38994693962","7558.75921583164","8220.33403924666","7296.35111127489","8000.3453286604","9828.32366424667","10061.8500714248","9893.18885431564","10408.1156430599","10609.1105181418","10348.485765125","10357.7026407269","11251.2024877398","13593.9787182902","15212.1312964883","15831.3439802756","16653.6038312389","19444.1743635565","22405.6426266551","21261.5428699817","21946.6073066905","23516.972445816","22878.3095862582","25415.5525389054","27424.5693619702","25529.6693210673","26459.0644285369","30317.2611769875","33382.280781103","32421.9087471186","31823.422001724","38078.0064279067","35658.8318250199","40932.5238774461","44023.6341078148","47906.9000057635",
"Myanmar","MMR","GDP per capita (current US$)","NY.GDP.PCAP.CD","25.0847757223623","27.2654541223873","27.9470039695431","25.8039844353997","17.3322006236435","15.1178632326484","11.8013216738981","16.5453805372426","21.5453410007264","21.5103180527937","20.7242782768026","21.1257517513266","23.2941302744944","24.7965628847435","41.4076276435663","35.163291569876","39.1660083715823","27.8600867193791","29.2562311044151","29.2136757858848","31.2462392881093","32.8127790443581","42.9535414901862","39.2908686161265","36.3255768443636","40.3821412603663","42.4193735892874","41.1478137224602","39.9236088878004","51.3443285034615","53.1225401094506","51.2408970610106","58.8896739558883","76.212889482598","105.391561114159","124.14348039051","141.897267580367","108.039770292032","145.950830383757","189.490155849067","196.619580625284","141.525660705722","146.598390364449","224.292688912409","224.508811413327","252.685193060728","303.495087119254","419.375780725042","658.442487229705","758.442935789255","1010.53417343401","1213.62898703376","1202.6658960055","1199.09561597055","1293.00042298688","1166.73305546337","1229.19713515893","1272.82241830603","1298.21310320785","1425.98954211903","1490.21683548367","1242.72134419599","1158.05005034332","1233.19666209269","1359.05001560107","1488.87527836542",
"Middle East, North Africa, Afghanistan & Pakistan (excluding high income)","MNA","GDP per capita (current US$)","NY.GDP.PCAP.CD","144.528783673114","146.972007361003","145.831668701834","156.510635823466","170.270677096944","183.832655397804","191.099330751863","204.177075160077","223.001762284153","241.191037384305","263.507081147404","290.07154706159","320.73276946258","384.787511210848","575.34702598065","642.068951576742","768.946324439149","862.385504920389","898.680264388604","1084.26572066026","1276.99663142297","1208.89717487505","1310.02447202537","1390.23697794951","1407.14205625715","1465.40188873874","1527.50087171456","1297.3641585796","1221.34786900913","1191.0619516203","1555.05827495603","1024.13992357305","1022.14274597846","877.44497876498","899.269793329172","977.954473591564","1058.06607863895","1077.33623098311","1075.35859730551","1137.92232780385","1247.47233601948","1226.17513564007","1168.52531612381","1263.87606211705","1463.04140886351","1657.11019014742","1883.12072392022","2237.26190656626","2658.20562971484","2515.92356926376","2821.50866622906","3237.8356313737","3417.92480806409","3153.94010992027","3079.70398875281","2808.6233441937","2869.01813118566","2865.83515636992","2815.3901774218","2701.71325265282","2415.26254491139","2760.50031198582","3022.54814280134","2872.39008505083","2963.06913716955","2829.12883889291",
"Montenegro","MNE","GDP per capita (current US$)","NY.GDP.PCAP.CD","","","","","","","","","","","","","","","","","","","","","","","","","","","","","","","","","","","","","","1375.32616813442","1405.81632669854","1367.90257335097","1627.06511911987","1909.59870186179","2109.30631947331","2789.95435110345","3386.38099417981","3675.98851272723","4422.55172559508","5979.43813180981","7390.01481290503","6726.67589734408","6678.63939560908","7265.51771176628","6552.47970337373","7102.7776714702","7342.17147363741","6421.00005731419","6968.01202883651","7674.2856571219","8673.59469069858","8749.25629734676","7555.48699036321","9315.86435643142","10038.1849482517","12258.1600477339","13270.1824401005","14816.8380299947",
"Mongolia","MNG","GDP per capita (current US$)","NY.GDP.PCAP.CD","","","","","","","","","","","","","","","","","","","","","1235.14422497627","1325.46680536613","1429.62551800828","1490.21297634746","1119.71388466075","1137.90764730312","1469.42176378914","1493.28238085822","1543.33555521093","1683.92432862486","1220.17127664137","1098.68017445549","607.813424662797","354.898613087701","422.864349383041","652.67456284915","595.5810149554","515.298004947316","483.878066074871","448.660368337533","476.02755082717","524.453483552485","570.249213248399","643.168068921658","794.154552001815","994.90010913241","1329.89179579053","1627.68787743359","2127.42678594737","1703.32756790019","2625.21881402433","3736.04201455077","4328.89001905655","4340.14310544449","4126.23975800524","3838.92126989984","3619.90026383792","3645.96708669551","4107.64288528468","4347.54610314873","4001.25193077703","4517.61578018785","4993.51487463495","5838.63108083902","6750.6301157724","7108.22743246244",
"Northern Mariana Islands","MNP","GDP per capita (current US$)","NY.GDP.PCAP.CD","","","","","","","","","","","","","","","","","","","","","","","","","","","","","","","","","","","","","","","","","","","19227.8894246608","18938.8728389967","18924.5831899653","17015.7487891715","16314.5578590027","15914.2193040498","16430.4461942257","14369.6339810212","14771.4037455399","13598.7166094613","14013.6003306158","14632.8518897608","15945.417608954","17665.1007493109","24225.474169342","31225.6049960968","26509.3628379893","24496.6652122421","18220.8382427201","19455.50139424","23785.754590043","","","",
"Mozambique","MOZ","GDP per capita (current US$)","NY.GDP.PCAP.CD","","","","","","","","","","","","","","","","","","","","","","","","","","","","","","","","288.708092484444","205.585216062094","205.189844208699","196.763143175646","191.826096861406","244.362651012498","287.532091475389","320.125121723292","354.406245723711","327.12623979157","304.792138621913","313.886661721198","339.488737800648","400.056973161545","436.773856167384","457.487647833183","507.874923914304","592.159111184122","547.697144193651","496.185839392659","618.17649286789","685.685748199513","686.505672517351","697.142680444123","610.563774706589","441.489734819071","470.93856305196","517.507260258101","519.09255091362","462.433876479921","509.907829475551","578.273222184503","622.191133245967","656.976148587772","626.914419215727",
"Mauritania","MRT","GDP per capita (current US$)","NY.GDP.PCAP.CD","","188.158401597739","188.995146612769","188.249348047987","244.294599697524","269.962165823141","273.604362731912","281.533377446756","300.94152952866","276.598267711858","281.327175871626","295.993927021331","335.23154288786","409.721138785311","494.288408290337","550.66258324178","589.237667658903","590.226698413217","577.742777476832","664.383619042778","710.918952530534","728.796521822095","710.21886884239","725.174522510668","649.681186509673","593.219654421302","677.363323878901","745.787178962507","762.423918016846","762.275580637475","772.033092140219","1061.67704285264","1036.47437808576","849.620301696661","864.599478365453","904.719170071042","904.120879798142","859.28395817576","821.266378551937","781.337033563197","680.911061879778","651.817840199777","648.879643934862","732.017820812675","823.554457141893","998.96583416747","1300.60367988659","1405.15016203368","1635.5630623124","1435.43010811893","1659.96369705455","1931.19975525465","1859.11733247641","1936.26950446101","1718.97089374709","1558.84205473416","1568.00551190332","1617.93401542267","1723.37809442655","1767.072710621","1795.72437324423","1947.47413907209","1961.28166648869","2127.9576285973","2104.54260769051","2197.51046251309",
"Mauritius","MUS","GDP per capita (current US$)","NY.GDP.PCAP.CD","238.251033437494","281.683081448637","282.342386236302","353.11354761151","297.284380211561","305.47697280765","295.955041673441","304.163949585507","258.734051896237","272.713256163629","271.338746980393","299.604801832026","373.996570209941","467.480218496262","762.940758670279","754.833281472402","787.098225962589","905.949638747869","1102.34753691974","1292.2014302482","1187.35157080412","1180.84070937438","1101.15920527391","1103.09124580137","1041.83252378016","1068.67359316099","1441.71452837714","1839.79109565422","2073.59238787189","2103.48802694458","2539.92846467452","2705.26648158805","3013.23706337167","3013.83313790492","3240.38624662702","3648.01649622256","3951.94494649336","3695.73668844327","3641.62142564086","3745.69625069831","3981.98343249582","3908.55694927435","4073.06053055903","4858.26575549747","5460.60800184198","5354.02974260642","5784.22491883026","6677.37538616398","8140.47983639243","7426.86137313939","8113.17670740212","9324.24232310496","9421.52514098225","9877.13865958834","10490.3315563853","9630.5437837507","10095.1225574156","10986.7034093005","11818.7480619272","11568.2533399824","9135.84773751062","9177.71195973013","10246.5017455553","11269.9684462139","11990.9355434317","12991.2935987166",
"Malawi","MWI","GDP per capita (current US$)","NY.GDP.PCAP.CD","","","","","","","","","","","","","","","","","","","","","287.470822426729","276.407062724717","253.342697905133","252.442074600122","239.74828969103","216.054136140391","217.8701899466","207.605894737179","229.421843922728","252.19590741943","286.730598968269","325.75273105931","258.393430877557","293.016883079922","169.196526919639","200.362370007247","320.662735559137","366.954461274104","236.045479450504","233.935986197873","224.22415918428","215.474524898357","428.210439838398","383.348596852642","404.674248445428","414.361121984475","440.822149023873","475.180261659331","554.048820396119","625.869729869625","683.124694716799","763.061000394572","558.46208832772","496.947368267313","529.5133440206","539.605363240686","450.506105510719","495.769683367165","533.202567189331","580.889139762475","602.507478176106","617.446994451007","604.269740360317","633.214767978695","522.365366146003","671.506847203876",
"Malaysia","MYS","GDP per capita (current US$)","NY.GDP.PCAP.CD","240.847414554537","232.943768818315","238.836339180717","291.800006993807","302.933952345239","326.436007443045","338.570121454412","335.425630582949","342.444763417284","368.385655484736","379.626764270849","407.19672797331","472.363509449959","700.728626010603","847.806802570239","810.570999701272","940.437734141673","1091.70837095855","1326.88769798353","1679.87779419937","1886.12339323875","1866.10246831744","1937.74922725899","2124.29229106221","2299.80870816235","2045.57471772113","1759.73185736702","1977.1290866202","2099.95467656701","2243.60219599914","2468.69080320116","2679.20101106745","3141.43321987651","3461.99504214189","3757.65292858601","4363.14458333034","4837.16897250768","4678.56390058182","3294.30978444095","3527.81581379249","4083.52874483605","3943.79943910239","4184.03163773539","4465.32194567208","4939.24851854427","5555.58179951206","6158.40785533236","7168.93031942508","8371.82156086005","7191.43287234626","8899.34505544675","10217.1068585031","10600.5744240026","10713.6407638899","11013.3107334403","9648.6797937523","9476.53409809923","9862.54806612235","10901.8019954421","10920.191763972","9957.52626697613","10903.1037480772","11754.5678336248","11386.0395636528","11874.4273684245","13124.5554178269",
"North America","NAC","GDP per capita (current US$)","NY.GDP.PCAP.CD","2933.32612076162","2985.34509534558","3148.48034494886","3276.24057329535","3473.15658682108","3722.17913835061","4035.88185355802","4223.19167135647","4570.75388903652","4902.69124991101","5130.46496658829","5506.31995735305","5999.16290039623","6642.71747804851","7209.11056718541","7775.52950366746","8615.91036395796","9403.39083487761","10427.5235353317","11518.7542483322","12441.4904083867","13820.1932805098","14247.3479863069","15341.7852470968","16808.9173401044","17838.5825446095","18625.6594397012","19679.3370907984","21180.3472351774","22652.6630458719","23653.5020058697","24094.1306916521","24974.7405630878","25772.0724370973","26931.65092829","27897.9346077139","29112.2451436921","30518.0661560011","31691.9431241342","33320.9381100499","35151.3741865271","35831.4544724133","36652.0071224205","38395.549732626","40788.4854021089","43368.601911774","45741.3313198546","47727.7733811193","48398.3833708608","46581.4200397343","48545.8113186856","50252.0190049531","51812.8656700661","53240.3655883832","54742.8371458308","55534.4614029189","56416.7892083026","58555.9003870103","61228.2000482629","63306.810223782","62319.8671337986","69532.9041926862","75769.6975468613","79647.6390981082","82808.120496409","86308.0717272746",
"Namibia","NAM","GDP per capita (current US$)","NY.GDP.PCAP.CD","","","","","","","","","","","","","","","","","","","","","2467.80765504439","2266.91040607673","2097.09340946461","2214.33863115715","1830.46920554097","1466.17924353732","1599.39785666132","1969.42364982372","2062.57997582884","1966.82702819252","2037.47589359778","2116.90552516214","2346.86242963741","2154.96473655435","2355.90445673153","2483.20353415161","2423.3982907313","2459.64511763936","2235.24515468625","2177.78733370092","2156.67590512714","1915.58926594875","1772.07565537493","2569.24739317883","3403.15496192955","3685.77299991587","4017.1834716928","4379.04313682732","4204.78555422749","4302.91374148376","5418.21633365814","5834.7917675794","5942.64680978673","5346.62131149967","5378.32326241205","4774.10650865775","4395.68776162376","5143.96072323076","5308.60813408705","4731.9210318831","3878.58982993966","4412.8355693052","4349.79908493314","4225.99102418102","4501.84849548225","4875.92558158247",
"New Caledonia","NCL","GDP per capita (current US$)","NY.GDP.PCAP.CD","","","","","","1713.14089313598","1713.69793827137","1826.17147949386","2124.4581832684","2509.40725556196","3281.71069593272","3615.1542919613","4225.83816273241","4318.13831160265","4848.9446983879","5940.93032547352","5618.32573273327","5792.71036838794","5779.03633913119","7069.54421444295","7892.72212911846","6422.06638106676","5912.37880618972","5315.10934087161","5051.72635841793","5334.82839832455","7374.68547045802","8983.35708724875","12301.1923190702","12701.8289877333","14334.6807372176","14642.5179713722","15713.7198562158","14787.2165075183","15534.3093278924","18107.8880778022","17592.0502745845","15704.9593483537","16614.5978812179","16692.6835119189","15329.7297200058","14482.3606263602","16104.5520406819","20768.1061488848","24475.6488547037","25528.2918353444","28193.2537573387","35177.6535261448","35723.9033194947","33836.494080472","35798.9084757829","38835.9401851385","35559.5672006157","36671.1566752621","37816.9558599295","30858.7237060533","30782.8544433514","32354.7102832901","34902.8968780031","33411.3358835672","33270.330597637","35311.5543551452","33516.363085906","33701.8923322781","29213.1923192946","",
"Niger","NER","GDP per capita (current US$)","NY.GDP.PCAP.CD","128.251201351162","134.635094261008","143.150824130834","153.324882584919","148.080269139855","166.280055859235","168.596485499415","155.380620524944","145.610145933803","138.291209756182","139.75875001865","145.213783611591","151.437947747318","187.854399670045","198.28916531089","197.232873008404","194.789570593583","229.808417625006","306.828022482047","354.169730869649","408.822779755471","343.386800706738","309.795062345471","268.772580748131","211.468807340699","202.372740665362","259.561894151866","295.326253933298","292.587878484489","271.266557931133","423.887460599302","384.44311679922","384.029657304316","335.429581902384","206.214617135856","237.01998956862","239.494513213973","220.562957209","246.090855923026","228.271656116064","194.771959898935","205.417936120931","225.294391147438","265.225363452469","283.468281798296","318.643121918273","333.345078419447","387.168065883301","475.044955398162","461.131533961487","474.425692340831","510.75956176268","528.510104469655","552.103334363117","565.30989731175","485.662574175279","499.910520068193","529.929418934868","576.927536415462","541.265819870273","575.451340306915","609.585703670137","613.614736429298","647.930108509567","729.856664168989","775.353622143879",
"Nigeria","NGA","GDP per capita (current US$)","NY.GDP.PCAP.CD","93.1370090424417","97.1375281143562","104.532495533943","107.675741358944","113.297345671875","117.287226824734","124.382440176253","99.5014906604697","97.3372081255964","121.436663307697","224.46293599595","160.479255841113","209.454776294345","252.369032452868","402.836999782685","438.078813916795","556.389687719878","535.965307817329","526.895852928476","660.994040864293","870.359934682057","2162.20995436075","1821.53265482387","1207.07374565349","890.434106332302","868.640540548893","628.248453718536","587.956613434089","539.539468397166","465.488089532188","556.376449130902","596.938795710722","508.515905682785","539.573202297542","744.884247151377","1271.61617353199","1632.72469370276","1720.27540949396","1822.46998452473","480.669363941805","547.318298903379","566.428231812933","712.164852077686","763.388745367223","962.48104194733","1211.37703504386","1599.53891556365","1815.52697545827","2154.10543545364","1820.48633854782","2202.25672957344","2418.41316975875","2633.19734671361","2872.79083379398","3088.72131316169","2585.73360671797","2070.4127339595","1876.34027111773","2057.87944554011","3189.81286496183","2797.184580679","2787.48779220991","2899.16047469267","2138.76383718757","1084.16041805058","1224.25410237743",
"Nicaragua","NIC","GDP per capita (current US$)","NY.GDP.PCAP.CD","127.483812082529","132.943507152279","142.303523551421","152.461498316554","172.68135633824","272.251263163163","283.999593265889","297.946065908473","304.441965331491","319.366650327118","321.316159006971","331.451182972568","341.380772391976","412.527494204714","556.866122465391","561.459695350208","632.573778388006","744.185320440322","690.741261696299","495.366597419221","659.297143121648","739.671655710215","713.777809066357","779.852730684977","861.428649767358","724.056425347288","760.59055909276","992.024066415935","662.308196621167","249.155474069011","242.508390600822","349.514318640612","411.473330661786","394.378074021071","849.179331364895","891.779352309996","910.861645917295","912.757429788533","949.155373494771","980.219744675246","1017.3124434882","1051.874235891","1014.3339042591","1021.35216668794","1098.62118662335","1183.30214010175","1248.17371577788","1350.38145753377","1523.68437086409","1467.08288052845","1526.56706951408","1679.71192084633","1784.69836017555","1835.43996363715","1958.37047579547","2074.45620634731","2131.68704828322","2182.61380995674","2035.16549390507","1958.62051528095","1938.44704754382","2138.38573878237","2322.89069619459","2609.44491147975","2847.87639497305","3173.33724815085",
"Netherlands","NLD","GDP per capita (current US$)","NY.GDP.PCAP.CD","1156.38597727767","1254.42028262131","1342.36827187015","1436.88726083934","1668.33086114697","1848.09801532427","1986.2702443166","2154.57969743046","2364.3594192663","2646.84581766825","2931.38078026525","3383.58715579996","4110.49164551948","5353.44265154981","6450.45770236493","7346.3047476862","7937.35246713998","9180.29918461772","11195.8424872959","12817.3790153401","13812.1600098191","11537.4026865092","11088.9543150885","10696.0774958682","9991.84377655651","9940.73843593795","13804.1360603265","16734.1514052316","17770.6162376388","17423.2961585523","21322.1944802703","21764.2144987258","23939.2173482108","23156.4404444568","24682.5866742863","29301.1940492376","29063.6236532536","26744.9601318097","27924.281808994","28318.7466538357","26225.1697734149","26955.7128032278","29446.5330872868","35896.7504630706","40611.3414353091","42165.396168388","45123.5432406426","52100.7996285947","58246.7026905874","53172.0261581418","51305.7338533973","54701.7728030611","50473.9442002689","52602.2860520766","53457.2234864322","45793.8135434697","46808.5291492503","49513.6817346384","53955.0770024266","53554.9007491475","53467.9277413737","60141.9880911492","59123.318556487","63515.6030780019","67465.3208126875","73683.917132794",
"Norway","NOR","GDP per capita (current US$)","NY.GDP.PCAP.CD","1444.41949906697","1563.20784301582","1670.32789543337","1778.86328512139","1941.46511840231","2168.46797295547","2321.47621551643","2518.68880884488","2667.03611449992","2880.54823198589","3290.57877867639","3721.02526677458","4394.5879226684","5664.19042060684","6783.35338935005","8170.69776714575","8895.7022645797","10230.160816144","11421.4699303169","12998.2915999562","15707.9683777553","15462.7834538319","15177.7873936039","14876.7583997781","14943.1398958054","15704.0849927239","18822.0644903098","22430.2488269377","24111.6310594146","24184.8126093052","28137.4837293741","28427.2524217324","30328.210916818","27792.6599198329","29129.7350937014","34658.6948344762","37072.6000316602","36324.1473513598","34515.8977194734","36151.4491624485","37991.8907576589","38458.2530907659","43048.288735011","50208.0960234078","57854.5698169407","67358.3615969796","75047.741700385","86600.2387607877","99001.5300678626","81939.726548458","90020.342257973","103545.218988177","104627.93694681","106333.138368566","100410.020200979","77220.9524311414","73222.4006864905","78771.2151264554","85579.0776455494","79329.3075190012","71057.5879471399","96442.5552173002","113122.130765691","90984.4087141111","89888.9535204758","94594.1929573987",
"Nepal","NPL","GDP per capita (current US$)","NY.GDP.PCAP.CD","50.2125233749587","51.5544820747585","54.565608932967","46.3146629740628","45.320757315163","65.8050690424137","79.484178651631","72.255603368576","64.8592419247839","64.8179199463286","69.6334897297304","69.4540704096493","78.842912842237","73.2266835267801","89.7637455591626","113.605645172746","102.470373251774","95.3433557426543","108.099425052837","121.86820974915","125.114347478097","142.916898807843","146.976662933749","146.632953086254","151.078187115939","149.900453418882","159.545682806044","162.036906898913","187.084777621975","184.975416457251","185.794600449903","195.716621410462","165.02959412726","172.805202579767","187.258176246151","197.843001330326","198.821907435345","211.834869589153","205.075246306069","208.646667913743","223.830289183078","240.795114544664","238.89140296106","246.429706587633","279.587750044428","309.024168339372","340.431796437968","385.449767660642","464.817391891529","473.078751198621","585.278491984574","785.518656222132","788.202937148377","803.269595420477","821.455224911731","875.543635474862","877.256454696737","1034.28374906846","1179.19843190389","1203.14294706401","1154.21517578318","1252.75076731986","1385.91066002922","1382.38300895424","1460.28237984149","1535.87781246307",
"Naoero","NRU","GDP per capita (current US$)","NY.GDP.PCAP.CD","","","","","","","","","","","2618.53445937725","2811.2146269153","3190.58553898837","3863.94069095729","5199.26497504766","5740.19978696317","5703.20317140765","5646.3355809661","5721.31368927221","5949.5621623368","6137.68129611495","6593.90695188717","6576.83364047027","5895.70266811075","5653.96100020028","4858.93351745825","4568.67887653491","4484.50814586951","5011.58031484611","5722.7674219742","5775.55347423089","5333.37954889626","5102.59685913907","4310.24433298623","3920.53972987914","3932.0910939209","3678.56242894634","3661.02846701327","2908.84986525428","2682.69486680046","2648.60152860938","2232.30874026726","2084.64824520971","2463.28259078079","3040.51349889","2992.40382776926","2910.14145794684","2272.15291307045","3756.84531228766","4410.56764668962","4735.92000502092","6444.03642094634","9842.77032731856","8974.51886874433","9230.05440328927","7747.25584993607","8748.15632605428","9656.97976571484","11413.7463016389","10801.7705659635","10709.068810538","12748.1701249353","15309.8345351924","13602.6372112893","14048.163961344","14639.5046929186",
"New Zealand","NZL","GDP per capita (current US$)","NY.GDP.PCAP.CD","2334.1337214332","2364.75383900097","2471.05500895111","2646.23652937762","2839.31554692453","2170.99809777651","2211.38222406465","2208.44213762022","1902.42182426883","2096.92646729301","2311.02761979013","2772.9185969396","3294.64894268304","4323.19653458655","4610.57042634013","4171.76973967475","4373.84099791231","4950.58820538927","5936.98526036423","6668.1386662247","7467.16803773805","7813.88754336067","7656.47573238963","7598.31203875006","6713.76013104154","7600.56524172937","9427.55394035348","12330.9168305483","13759.1556295922","13312.3855858113","13663.0216184298","12230.0734548834","11793.1392416214","13094.3454502639","15280.3127842922","17400.4201848172","18794.436039393","17474.187029724","14738.4455703918","15322.2238340267","13641.1027183822","13882.8568268586","16874.1874918196","21913.7081719961","25420.234882944","27751.0654708859","26654.5932018985","32479.9817381467","31324.7397977102","28276.7255416225","33761.9009639947","38425.829997974","40041.7524816244","42984.9571801167","44599.8992733675","38648.7302562109","40088.3205470499","42912.1537002148","43204.1305124872","42872.2681243427","42054.6743136586","49902.154346032","49141.6316294227","49302.341876493","49432.3626396797","49591.0405731713",
"OECD members","OED","GDP per capita (current US$)","NY.GDP.PCAP.CD","1312.83065567994","1381.22313364838","1473.08162462014","1564.1732524998","1688.83443696872","1811.22529745154","1958.76009769049","2068.94519725114","2218.57103959217","2417.25012888829","2619.30899223126","2864.277201283","3289.49072080709","3938.87077402667","4371.00529560645","4847.82717711556","5203.36453331543","5814.36561016668","6936.64960525234","7930.4174706341","8724.52179269109","8805.84097068933","8594.72448743493","8812.53954086359","9138.73120058305","9545.12096674932","11484.9145358905","13198.7795582987","14765.7693703486","15313.9413786467","17087.309424679","17918.2140569058","19096.9069758072","19229.4344753684","20388.5183700826","22337.0437308788","22357.3015391439","21847.7743268913","21811.1329992156","22747.1469693091","23105.8699621372","22718.6795215023","23526.1851223646","26110.166791868","28854.8834355731","30304.5007827724","31752.91909492","34523.8151277644","36379.9826441371","33797.3269999518","35218.2377011995","37684.316544302","37418.2889334065","37734.7608375528","38322.7280627757","35931.9232791311","36407.3771727139","37802.8422452392","39756.7556647363","39940.835037623","38947.5669905773","43495.5049948213","44455.8357743973","47135.6137232065","48881.8109051634","51733.7140199057",
"Oman","OMN","GDP per capita (current US$)","NY.GDP.PCAP.CD","83.3853105243323","84.5311646369716","102.325889863048","106.829311959455","108.059747071369","108.127276326149","113.158851470616","174.708442422448","300.382394498902","371.945677290612","386.792712839023","441.935384423256","523.675726630998","669.829529995212","2203.40591346986","2691.99653514052","3142.52717836645","3204.86972958061","3043.75121036129","3933.50510857105","5974.30434611467","6865.58482819779","6759.29870293907","6714.19125910699","7070.07295804885","7548.69588410284","5181.87980290561","5203.99994065839","5279.10411437183","5591.22723847558","7545.70305230441","6977.3285922345","7317.78815838166","7038.9301587736","7068.38996979073","7414.30279204109","8068.00076784612","8234.64063759005","7219.02932432025","7915.44169380534","9753.84755185404","9611.96360191054","9869.13050219438","10463.5425832141","11800.8507411171","14434.8577924647","16930.8565071853","18792.653772482","26576.779241509","20655.9180249218","23570.1798147325","25188.0074151885","24642.2978768596","23458.0233840053","23160.6502252547","18808.3077921839","17110.1897460545","17820.0661809335","19901.7615642016","19180.1864152801","16784.8630630058","19403.4600160211","23223.5829405935","21027.7384572657","20285.2272765262","19947.3966227092",
"Other small states","OSS","GDP per capita (current US$)","NY.GDP.PCAP.CD","","","","","","","","","","","","","","","","1109.83809305529","1266.59792653088","1526.12975990974","1737.21605583044","2242.72935992114","3286.78459461168","3011.87340210242","2836.77204408441","2559.2948971864","2486.49373083306","2379.80193172403","2329.7492588701","2860.79960164889","3025.75305812234","3031.12852475555","3570.55788992308","3674.361370142","3949.40878886263","3762.44885403371","3950.98003715888","4659.34188627003","4739.07694524898","4678.51998512529","4635.15882242333","4829.25337476571","4847.4503226921","4780.95492842206","5142.2476529809","6311.81177494905","7419.76155978909","8233.42010554921","9046.80164945419","10758.8136221104","11530.7215015978","9814.08008723362","10149.5633726375","11469.9525501466","11084.4148894956","11421.7952581155","11682.6156441392","10359.1167773921","10813.3811118925","11950.9760651787","13026.838449762","12908.1967698249","11772.0946960495","13718.3632503913","14326.3081658507","15346.6488924949","16111.8328238083","17540.3099815121",
"Pakistan","PAK","GDP per capita (current US$)","NY.GDP.PCAP.CD","82.0241000071912","87.7778246966181","89.5039525753413","93.6508728613463","102.45976384531","113.567206414596","122.229353754713","135.190474942968","141.558306459346","148.528512990071","166.662061958389","172.453662202274","148.073976270617","97.5136425928243","132.005156607293","161.681774899518","183.859733422347","204.677762649367","233.41799161409","249.229389957057","287.448707270022","327.505069961745","344.889792466995","311.098361356703","327.345625152291","317.063499386432","313.946324043906","317.23867416111","353.85454278549","357.595796105007","344.45547384189","380.019843346229","395.67720859593","407.888140688466","399.955927561352","450.550279346206","456.996961832943","438.030942680153","424.453697798497","418.249257055367","642.338346499898","609.939506905073","599.937345723927","672.44178669894","771.902247348954","827.619861189926","900.873564984808","998.090114197524","1067.04324565284","963.788066395225","987.304571124485","1131.73513834324","1204.36475491585","1225.4340119198","1266.61340849959","1380.47020838317","1424.69161195897","1519.23459514248","1569.33814626355","1390.41690981745","1278.39735206896","1455.31922370186","1538.3228133171","1360.32417758419","1479.47755241191","1595.90912252837",
"Panama","PAN","GDP per capita (current US$)","NY.GDP.PCAP.CD","477.037935000289","516.459861881073","545.570446272529","586.61668793076","611.100612960754","651.331374848625","688.846978762789","744.890928311974","778.476641666323","830.319752856442","892.890877487492","979.3302533737","1046.06341222824","1164.32745834068","1296.44759308169","1405.74899748267","1456.50009707727","1503.26503409472","1738.48763684081","1937.98107506361","2357.09131999751","2605.45529924397","2811.40643706411","2819.35128451397","2874.94832112227","2972.18070666064","3019.48150533575","2966.00967866653","2508.78229277879","2462.11022455924","2620.13827266274","2820.54547665418","3139.89952899581","3358.41411740053","3508.19570069218","3513.89737854631","3308.18429574276","3545.97670881078","3807.83869182014","3950.34145012809","3975.09308659503","3991.7767076924","4090.58617397129","4264.66428846636","4644.56582353041","5017.7410922824","5528.76705469354","6317.81730274124","7347.59050324397","7796.92617035048","8331.46421351868","9662.29592216607","11064.8063606203","12273.3225037637","13213.1989637473","14082.6548502728","14832.3611608191","15694.6297454295","16151.3273478476","16477.9066285687","13290.5608347594","15509.8069109784","17378.6070083597","18797.1933894611","19161.218843129","19789.7308555826",
"Peru","PER","GDP per capita (current US$)","NY.GDP.PCAP.CD","252.796782675034","276.641400132003","304.537817519843","324.107404672837","380.965457465866","438.990796969303","504.825948542419","497.58475625699","447.99179719095","487.660318575547","550.484609442545","599.041967615617","646.679686654992","753.924581161999","926.57995047717","1104.16133001287","1026.41438542928","902.860901025509","756.347306761911","942.176901705359","1044.69165468575","1216.27350223135","1194.45000618562","927.258656933852","917.896274683145","767.43588754407","1086.60913755382","1792.30070238361","733.299784874657","1044.90725784847","1199.66666756615","1527.38879472866","1567.40910765128","1487.67404314175","1879.36657757919","2189.53431515311","2226.91682429265","2300.67200774461","2156.39377651613","1916.53397367908","1945.41338451698","1929.57273038846","2007.37019626753","2129.44114197634","2397.25147277714","2706.66947297608","3129.55996496982","3581.0893081917","4197.58444634142","4181.18755462253","5072.11494019615","5861.35793645245","6519.37852981527","6746.80025696601","6667.13410360861","6231.71150338894","6217.03599995447","6736.16693725487","6978.49121548627","7037.00803692604","6133.32552410183","6828.53422535638","7353.74598721667","7919.04634828547","8526.29665719783","9684.41170314988",
"Philippines","PHL","GDP per capita (current US$)","NY.GDP.PCAP.CD","269.465146474794","283.794741192369","166.689221357377","179.464434045296","188.153783582113","199.763575376063","213.849586020843","223.124766332659","242.232067627814","261.090890369413","200.921655645037","217.429055093343","230.097611314044","283.228592733126","379.068181207602","400.638883090952","448.620084504484","502.23424288346","565.267487053598","666.956386771672","766.969451146209","821.293256858092","832.536200258054","723.430497138016","665.042349344043","633.211065310196","600.002843935462","649.812857590607","722.343718454247","791.864324425833","803.572588255813","804.323330530547","916.515694532029","918.642953796961","1059.9838951587","1199.84171414993","1311.09249403865","1273.27604875636","982.865943728564","1101.43515975318","1050.79273107952","969.530611744453","1014.90879320106","1027.2301192843","1099.63013023758","1220.46018559867","1426.14649179546","1712.65543282793","1959.29233534978","1864.45043406471","2162.91375885614","2383.91892522087","2614.61644401308","2781.27957677397","2866.83803761407","2909.85818010301","2985.19564024046","3038.12124959289","3168.51036609727","3400.78949767074","3227.57910235199","3484.38593882819","3548.06930572116","3804.08274131718","3985.29464669706","4170.72347271451",
"Palau","PLW","GDP per capita (current US$)","NY.GDP.PCAP.CD","","","","","","","","","","","1017.15701970443","1080.60838506676","1144.53616532721","1221.46980560867","1328.03334121542","1463.541050968","1616.48039371329","1781.08614770459","1971.86615755627","2188.88311583043","2422.62684377801","2638.81583615546","2838.1584213014","3049.47947101338","3360.14538501912","3728.1295295149","4143.56203650884","4616.29028882378","5145.00614544213","5741.0868517899","6402.929615309","6824.34353785065","6552.7112389768","5891.50378695334","6329.06976744186","7038.00523407967","7788.29726974057","7944.59907223327","8047.91621679983","7629.56986402836","7798.07510558974","8239.26386807565","8340.18965031021","7862.39286077623","8393.73029137235","9367.68615343862","9737.01943934058","10155.0470806134","10471.1510008417","9837.49883077663","10018.065238367","10795.639900708","12098.4124331551","12820.5931621147","13854.730278013","15938.3652222848","17043.6660673147","16280.241199753","16179.877834849","15841.8923474548","14556.30954221","13267.4877340719","13934.951996171","15578.3497630733","18169.0767165866","19532.3557719527",
"Papua New Guinea","PNG","GDP per capita (current US$)","NY.GDP.PCAP.CD","115.530490488928","119.656325913849","124.734548848091","128.874165095194","139.518603886501","153.93728254876","171.054558569102","188.972036608059","202.937753394767","225.288234672395","257.647270580834","279.669733884528","326.720237042343","482.816252421415","533.088651774956","481.950394020557","525.433235600649","558.015016249782","648.490112781654","747.800949082904","812.964617578981","781.41257446286","725.645992789394","768.636364904269","749.637059926778","696.574806636325","744.908522742949","865.468569563314","984.993556016427","934.246494854331","826.317152082832","941.707721616563","1050.7071689258","1151.28388116601","1228.24343638772","998.229967376131","1071.04185150251","989.721550965343","733.479860137662","649.994719718763","635.957919047725","537.847459634131","506.331789534482","577.467922387259","620.596147680561","744.486489977433","1238.18282926706","1370.753415829","1624.79319935188","1568.83193368607","1866.86889851208","2288.37591141234","2635.0873631547","2560.77458976327","2723.17529825196","2484.5963398603","2316.39479758492","2477.76530986323","2566.36833735041","2575.77274140393","2429.61134585269","2607.97769973161","3102.29409730005","2966.06455045333","2912.4914068385","3019.5309140573",
"Poland","POL","GDP per capita (current US$)","NY.GDP.PCAP.CD","","","","","","","","","","","","","","","","","","","","","","","","","","","","","","","1731.2095094382","2235.54108862522","2459.02068468253","2497.13055936127","2874.83163555069","3700.95956775144","4163.51195431959","4137.00831823145","4533.5356551781","4415.50067547826","4520.64100449111","5015.23790036613","5223.45178967082","5720.81366178104","6711.72715262967","8043.92332253757","9068.85528307627","11272.5293683383","14048.5604672654","11556.3026866026","12567.7317676382","13867.6669408192","13087.420943321","13621.9023794031","14262.2841914116","12637.5220324406","12464.0121044827","13913.3415190124","15658.210586693","15874.5220531254","16150.9304813473","18635.5104895754","18891.2121169279","22145.2660647429","25103.565661423","28419.5777395638",
"Pre-demographic dividend","PRE","GDP per capita (current US$)","NY.GDP.PCAP.CD","128.965295180264","130.631883608116","139.724963338707","157.647405751914","145.554458839187","156.409583972245","166.747162934725","154.672138041037","162.563527980322","178.108457667593","195.381698595183","188.147560366995","215.262743203079","258.052882463606","345.745053187381","382.730655635312","434.894008190856","466.392789751273","513.347321751853","614.212684753264","737.888222769468","982.803080795122","908.021209820747","732.537098370184","665.560040086443","671.084296696025","566.20821438003","592.862150769265","604.762184417686","595.419652965801","940.439377161013","519.227064159577","392.857072321236","397.880287972378","401.32829200595","572.297212272674","675.388677650619","720.974841755232","741.814295821837","449.113610586588","503.881865569121","466.255676779194","523.955261767573","554.625659623811","671.224356830207","815.995032153718","998.07823930556","1174.15015770746","1424.0703685436","1253.05147524894","1422.25838961236","1597.7670422466","1687.90559427919","1797.07620788678","1849.26650645876","1526.04099231967","1318.65578321566","1341.55710823713","1452.10811367974","1682.64777483043","1497.18872625076","1594.39804852433","1769.1914721872","1559.36615928619","1372.7115352549","1470.05803145865",
"Puerto Rico (US)","PRI","GDP per capita (current US$)","NY.GDP.PCAP.CD","717.514843087362","777.215027407341","854.74480496849","931.751665981242","1006.43444609497","1110.83269082498","1207.81182440348","1335.27411162524","1480.69317642251","1661.86688523369","1852.35467255335","2044.31990558216","2246.4767135113","2432.41421904928","2614.50094053038","2738.24315297261","2946.46195251152","3208.77135614128","3567.7526290007","4024.50942019287","4502.8384279476","4920.72293674859","5115.00851423346","5217.72272856039","5730.11700890201","6008.05448623038","6455.18446107614","6980.49014338219","7595.44465611829","8033.08944133042","8652.50749222505","9064.01851711486","9659.33889995916","10212.2767630564","10876.4188239898","11579.1849969985","12173.163688986","12817.6449621352","14304.4049868015","15220.9913420267","16192.1269719638","18123.1987019918","18731.4593897378","19557.1202492358","20988.9923326534","21959.322696986","22935.9411586313","23664.8823485096","24898.3345857045","25768.7258883384","26414.8810634548","27170.0766543278","27742.024476618","28212.0499737431","28576.0988023209","29242.041465085","29978.0889268918","30328.479490518","30679.9181934488","31830.5284993358","31427.1034994916","32618.8705106244","35353.5613891039","36980.7653928068","39353.2242360643","40620.1526923687",
"Korea, Dem. People's Rep.","PRK","GDP per capita (current US$)","NY.GDP.PCAP.CD","","","","","","","","","","","","","","","","","","","","","","","","","","","","","","","","","","","","","","","","","","","","","","","","","","","","","","","","","","","","","","","","","","",
"Portugal","PRT","GDP per capita (current US$)","NY.GDP.PCAP.CD","376.976430250874","400.223162057827","426.49433629823","452.280291618213","490.207385856289","544.71961987576","601.289222261876","676.386669887118","751.947085624465","832.130682107245","934.082156096117","1064.53771257341","1302.2662677393","1747.98904060266","2000.41824574682","2127.6375072593","2173.28393425975","2267.37100319478","2457.31321644599","2755.6246177008","3368.36666940279","3245.97521367748","3079.94956634271","2735.49106580047","2522.74747620658","2705.19300197317","3861.9484333688","4803.86609546941","5623.69699982123","6056.38102771889","7884.61798756332","8958.9853330247","10810.5665079626","9534.6563637308","9977.31990905771","11781.3618502221","12185.0914010629","11575.5071124358","12199.206385024","12475.2917701476","11526.3720667968","11734.7649743954","12936.6928204482","15797.7821340276","18064.1580932987","18780.12751241","19839.4540499032","22811.0564844365","24949.0413566739","23151.2154130712","22551.935098809","23246.5425416481","20593.4274224109","21676.4859642714","22120.6850127107","19215.7813014347","19980.2808866516","21442.3842768879","23541.1401075289","23343.3628970034","22299.4044062173","24711.4510062111","24620.5197587181","27634.6183139773","29328.3067415343","32081.8106150292",
"Paraguay","PRY","GDP per capita (current US$)","NY.GDP.PCAP.CD","153.375216758109","167.092827495951","182.805194132375","189.872423489268","196.973355774177","208.729579506696","213.947608399441","220.930909757875","226.80197812329","238.242208450243","248.996708209079","272.082440745597","307.630516228445","388.712259813059","507.87047971714","561.522396286823","615.825049934218","739.83449409653","882.931919341442","1148.89527317637","1456.84406918803","1792.61496129399","1679.81843739033","1709.80484009501","1319.23446766653","934.991981806694","1031.15623781062","1068.95380287336","1113.89406863138","1211.29634333964","1440.15829610029","1685.26890082621","1682.67444777611","1661.70955306218","1760.28807083292","1978.71514099575","2088.17109102236","2078.50841313824","1889.88455618586","1766.30657288259","1736.11729210765","1637.68615122932","1367.76506935997","1443.99885236205","1786.21533938543","1970.87169852378","2439.43124694576","3211.93621659546","4384.9546943793","3941.84815479271","4750.96273669322","5805.40154543044","5642.1699167298","6435.68342733182","6652.25478942291","5879.33792308671","5775.1596339946","6152.26711537703","6258.44991640954","5821.18199548637","5365.47220721191","5974.9057185863","6189.10205375331","6303.26495017292","6456.60723068562","7026.61906146401",
"West Bank and Gaza","PSE","GDP per capita (current US$)","NY.GDP.PCAP.CD","","","","","","","","","","","","","","","","","","","","","","","","","","","","","","","","","","","1201.58154213882","1326.56285737146","1317.46675131385","1389.16497137651","1465.04605685868","1499.49217657019","1476.17185000238","1335.55319529359","1156.21747345769","1257.69857009689","1422.19088643544","1543.70141392774","1570.10439962728","1664.24571669276","2035.20234121766","2191.78178736868","2557.07562356699","2880.79843707909","3067.43872735614","3315.29753909282","3352.11259506043","3272.15432360708","3527.61382413178","3620.36048715937","3562.33094270256","3656.85827137011","3233.56863835858","3678.63565662194","3799.95527015163","3607.41611858821","3028.25481286981","3171.10844621579",
"Pacific island small states","PSS","GDP per capita (current US$)","NY.GDP.PCAP.CD","","","","","","","","","","","358.687331175362","395.810012764913","460.183843709943","604.320910189444","804.436169034547","872.139831893069","854.424460640589","879.523805566507","986.17530347436","1162.2101205448","1299.84947305632","1314.59553013966","1265.72256598649","1185.33657065957","1219.06037971704","1145.73022924272","1222.70707456586","1173.87310359514","1188.98390796449","1219.29470793172","1343.27719993773","1404.20977100088","1519.64824897657","1573.63525576083","1818.22509065982","1947.90073188873","2060.80457992554","2035.88566116361","1728.10547623798","1857.38930457259","1686.6056817652","1637.06349067775","1695.01147879967","1997.28054068901","2270.72657197828","2490.44783617075","2586.22776155533","2817.98969436478","2989.60481007125","2666.87195227178","2899.88573139903","3338.30793678792","3493.28831201062","3630.10394299084","3891.36256203141","3761.06673610832","3898.87961923979","4147.00368611764","4295.18182253285","4185.0758997627","3632.52907231285","3646.98862815783","3941.90128416234","4199.64948077192","4528.48364572376","4719.69017777464",
"Post-demographic dividend","PST","GDP per capita (current US$)","NY.GDP.PCAP.CD","1372.3103363431","1444.74560244574","1544.3988810291","1642.56388574249","1774.36518771939","1908.5843075848","2067.18982794506","2188.35058427914","2351.88823516223","2567.60974756019","2792.07280854636","3065.36626267645","3527.11854008346","4229.99012115327","4686.67381834621","5211.09441180964","5614.25422442866","6302.61647297518","7544.51058507245","8605.20249073821","9456.3855012214","9504.44958331272","9402.90613673505","9704.77940916842","10086.903242533","10565.6557440561","12855.4192393172","14825.4215309782","16610.7863171232","17235.8103291755","19207.3380131246","20121.4808345792","21440.3916904735","21469.1544175533","22868.9775789577","25219.7306112425","25204.8440630157","24572.1370504326","24512.0329339239","25625.9316580893","25965.6198092905","25583.1763027363","26549.4716468681","29606.2954023988","32722.7857826302","34268.541288057","35873.6218378841","38925.4514993488","40986.2032462103","38399.5766429162","39869.2354180288","42699.7581912628","42453.1056245877","42757.0705462921","43482.2905959942","40960.9089975197","41720.329677393","43356.99969696","45787.7299792029","46125.7453007656","45174.5036479433","50433.5519322417","51597.0182783268","54507.2154710128","56385.0585145595","59490.0240628251",
"French Polynesia","PYF","GDP per capita (current US$)","NY.GDP.PCAP.CD","","","","","","1838.57638129761","2171.35978202717","2150.61571935477","2440.8345277325","2206.35343555808","2228.19051620548","2516.98260839219","2678.18747088327","3425.44252890097","4273.16745814336","5149.93762191732","5302.06138605756","5573.60451054244","6848.95100426122","8016.36524403648","8438.72682447341","7645.18391267409","7416.30736944627","7477.03464924524","7511.32179070332","8002.08427164997","11913.8267538469","14061.3873698969","13952.8382782589","13682.8412939782","16293.1823294474","16414.8132696888","17554.3737937032","16469.7751983669","16806.0592491122","18850.3149185956","18475.7253329475","16423.0214308681","16759.7141702526","16532.9022343754","14978.324104668","14640.9360062298","16004.0583292112","19582.8936395312","21764.2203208782","21984.1936230719","22330.8676659055","24888.1781337361","26592.0262835732","24434.2197555208","22494.806706186","22831.5185348524","20846.5457478364","21955.6329264095","22258.6321384251","19166.9594761931","19690.0775734589","20826.9312492172","21925.616043938","21582.5892046801","19966.4838503859","21426.3854449835","20053.9569369322","21832.2831795569","22439.8838746025","",
"Qatar","QAT","GDP per capita (current US$)","NY.GDP.PCAP.CD","","","","","","","","","","","2593.82296339752","2951.769414533","3482.877835561","4905.34265094329","13539.5587974924","13013.6838099496","15710.3208135683","16057.7252719384","16757.0982461328","21776.6381753833","28407.2006612113","29543.3106543877","24431.3315473402","19668.5262152083","19749.2502266015","16815.0426389482","13213.2094336152","13718.7908752499","14682.0213127986","15242.5068904961","16721.6210835226","15133.4969397069","16280.293589053","14769.718821974","14764.8766954856","15822.5092848142","17124.7926054464","20522.801449232","17665.4399446972","20233.6846826643","27535.182940934","25870.7991864314","27226.6593510117","31602.470865136","41035.5008380177","53949.6764091147","62582.4453138755","65954.1146428814","80781.2113909506","60785.7351551657","77387.2936379616","103261.510293068","108470.378825036","103697.008372373","95840.6310094498","68985.2946961507","61253.6375482797","63279.8556949332","71039.8490579352","66841.3013484919","51683.5054376677","71751.8831257169","88701.463352273","80195.8746508549","75685.0865779973","72524.9066385222",
"Romania","ROU","GDP per capita (current US$)","NY.GDP.PCAP.CD","","","","","","","","","","","","","","","","","","","","","","","","","","","","1658.75873899995","1753.19285632198","1789.64455528113","1648.48522974542","1254.3124421298","1102.10378473246","1158.05632799712","1323.03237766927","1650.04922365201","1633.01064354117","1577.33656023974","1852.5549693339","1599.90622808339","1659.92904910528","1825.19299373184","2119.85509684554","2679.40626016154","3494.99056448955","4618.00350802913","5757.53127301178","8360.33775916596","10435.1561230787","8548.4543409242","8399.5374234284","9560.6755277458","8929.95366231474","9497.67411615237","10031.7710755404","8977.01748158196","9404.54005870715","10727.9822007426","12416.134317959","12909.6104013244","13009.1525348396","14908.0412813921","15503.4691366242","18244.4186876321","20080.2096215595","22537.9532108047",
"Russian Federation","RUS","GDP per capita (current US$)","NY.GDP.PCAP.CD","","","","","","","","","","","","","","","","","","","","","","","","","","","","","3778.01977539063","3429.64990234375","3494.06323242188","3490.45239257813","3098.802734375","2930.67016601563","2662.10400390625","2665.77978515625","2643.92919921875","2737.57202148438","1834.86181640625","1330.75720214844","1771.59411621094","2100.3525390625","2377.52954101563","2975.123046875","4102.36474609375","5323.455078125","6920.19970703125","9101.2392578125","11635.2841796875","8562.82421875","10674.990234375","14305.33203125","15401.8515625","15941.4482421875","14055.47265625","9277.7138671875","8663.158203125","10658.9130859375","11211.8876953125","11447.701171875","10108.3271484375","12425.029296875","15625.6328125","13986.9951171875","14961.8974609375","17546.609375",
"Rwanda","RWA","GDP per capita (current US$)","NY.GDP.PCAP.CD","39.3740728074578","39.2689714979989","39.2338440538353","39.2771771988804","38.9824483022799","43.4679672009398","35.3602860890843","43.9610505582521","45.9934717060673","48.8699283221628","55.24197214158","54.378076042345","58.3976955241411","66.9143871515521","68.9411498895124","124.109648020906","134.378431213996","152.744262361192","179.876527814998","213.765751338516","234.392851445713","254.569201378167","246.385549572059","250.568951738884","259.906684534137","271.578979042227","297.725981826167","319.643663256479","343.781325823561","334.741963426594","345.773495139137","253.966902025944","264.083914517464","247.023318476014","110.953668251372","227.971147849318","206.04911417485","238.749371368214","246.154673288384","264.74368682977","251.86926386091","237.308846200901","234.043016755733","249.012274982252","269.540446333402","324.016863847189","352.093916578347","420.733580702508","522.288339420679","556.97399621739","586.599950359877","643.356138618166","697.760143509565","695.397140963607","715.36808783393","725.691418696952","721.258515833094","751.049039527547","772.754982959354","823.355304065304","802.638686936204","842.581492947672","1007.05989322914","1061.05788154076","1059.93709298801","1123.73874633225",
"South Asia","SAS","GDP per capita (current US$)","NY.GDP.PCAP.CD","85.1907206631682","88.5374401369039","92.4759784008019","101.699730347077","113.953993552671","118.725582639515","93.5095090778817","100.49023197921","103.257624279526","111.460473459612","116.640107755321","121.457638271028","121.825770983221","142.634192314819","167.031856543516","172.084670696832","160.699674402499","181.897614762572","201.52609182316","220.868328829727","261.180795941491","267.20705190365","268.048426266136","281.59105118681","270.882249205897","290.836561595941","302.215568474208","330.263803635955","344.39140735961","338.645008018598","359.953973128088","303.81805683771","315.53713133931","302.994994507191","342.723111684397","370.570693920918","400.095114023544","415.002724170031","413.676322288749","437.982047564941","440.467918910931","446.418919348871","462.898836496672","532.66154684429","606.478041696258","686.338193475473","769.378704313512","967.697911561283","958.275511460297","1054.43555885745","1294.02734415145","1397.0068255002","1387.18205938261","1405.84072374278","1528.4920875126","1570.54142452744","1722.90703396273","1956.06707563972","1988.36633317988","2067.05975680251","1957.20343709781","2273.72055805692","2326.72890585805","2449.857142451","2601.82209529365","2705.28227429085",
"Saudi Arabia","SAU","GDP per capita (current US$)","NY.GDP.PCAP.CD","717.796628958557","760.311740320004","812.926247668855","811.738274661234","840.480371460232","904.118334125664","960.744776733843","1031.60360297585","1275.70709426176","1312.73865737123","1509.43961165521","1929.30910330483","2474.38683208975","3640.08361192413","10503.4280777085","10265.6414406471","13312.5119926546","14595.3739933329","14914.1542686138","19611.565126033","27205.6452285141","28703.35585508","22454.4843169614","17809.5527471054","15541.1312184609","12745.41992535","10078.2896080512","9385.98469519899","9165.49615323397","9413.58119352769","11054.7495049666","11847.1699534218","11730.2687665244","10884.8607880777","10601.9196697805","10786.4008952769","11471.5045960191","11545.3455998551","9836.05729768574","10452.1899400479","11714.5623675159","10805.311325122","10586.0543471363","11487.220410693","13154.4978989446","15975.7473782258","17563.6145370639","18596.1502627898","22320.4888964331","17718.3911648365","22028.3901426586","27126.7498747702","28733.4375513452","27865.465604962","27805.4850319422","23256.1549553531","22267.7217050387","23929.2907135982","29360.0658968566","29566.7933827436","24338.8307301067","31920.7653655643","38510.2276211037","36156.8562500172","35527.786181866","34536.6555456551",
"Sudan","SDN","GDP per capita (current US$)","NY.GDP.PCAP.CD","99.7131195068359","105.313102722168","111.213455200195","109.939208984375","109.650077819824","110.889373779297","110.502571105957","116.241035461426","117.824935913086","125.984886169434","139.038482666016","146.931610107422","154.511581420898","184.524200439453","228.787322998047","269.652893066406","325.185607910156","392.399383544922","410.072082519531","408.899627685547","418.348785400391","483.802581787109","378.945373535156","346.221649169922","429.993377685547","326.402770996094","400.333557128906","471.1572265625","553.07861328125","814.267517089844","1257.1875","1617.55676269531","252.610092163086","312.693908691406","439.420806884766","462.585235595703","294.826965332031","373.09375","350.702880859375","324.659606933594","362.116882324219","451.293304443359","506.262634277344","580.320251464844","705.113342285156","905.543640136719","1132.474609375","1444.37219238281","1527.58239746094","1178.22180175781","1305.63598632813","1332.6572265625","1019.22210693359","1138.62780761719","1275.43835449219","1292.37963867188","1033.21594238281","966.505676269531","731.027465820313","709.975280761719","577.795227050781","712.122009277344","1046.24084472656","797.283447265625","984.607666015625","1164.53991699219",
"Senegal","SEN","GDP per capita (current US$)","NY.GDP.PCAP.CD","300.425115236279","308.166383753301","307.092565107939","308.629849224244","317.850426568454","314.318146394326","314.534344145945","305.22048105837","311.196146846683","287.253148792203","290.486425297989","291.08835742165","341.835352336553","381.439007163828","417.407600285381","547.378148664851","540.594007051938","540.126849249781","589.134045255614","716.281436518959","771.533969550579","682.972070210382","651.93712330983","564.369336303935","536.231765402514","571.417166069201","783.940524706279","916.09484148409","880.487755138196","848.555548058968","957.314337438177","913.399575796737","951.204960087807","877.52900343803","583.782776032181","714.994396357297","723.469950081149","650.776321407448","684.588105785786","677.516338727268","603.233162455158","637.213530563724","669.430447319209","817.888034221442","918.102079522155","979.846101520171","1017.20196747987","1188.93877808175","1398.79218010021","1308.69404336205","1275.88357492357","1374.67591873844","1326.83798848379","1379.83196553924","1398.89137601382","1218.00613555438","1266.43957151587","1354.77007193387","1452.55612562445","1431.18128932159","1461.08720350553","1598.10676952274","1574.0281059306","1698.03387300843","1738.73223822106","1954.71174194867",
"Singapore","SGP","GDP per capita (current US$)","NY.GDP.PCAP.CD","428.056183371291","449.148136820776","472.082740153988","511.202235371449","485.530686047381","516.531928636745","566.803974405961","626.029437593984","708.601436896422","812.677487316618","925.797864348214","1071.41154035538","1264.37510720987","1685.45979632163","2341.70551423633","2489.91157517591","2758.94038028476","2846.33598832854","3193.90565722355","3900.53355310873","4928.13911785754","5596.58597723068","6077.63424070932","6633.23667366491","7228.31758410647","7001.7667477117","6799.93036332671","7539.02930212443","8914.44122574729","10394.5389962406","11861.7561591366","14502.3799938606","16136.2405377661","18290.130113185","21552.4100366948","24914.8507020358","26232.866096827","26375.8653668113","21829.2737831583","21796.6373891001","23852.8389514753","21699.7414868907","22159.8373710639","23730.3840054566","27608.080013423","29961.3172812732","33768.4528234651","39432.8860198877","40008.5720489092","38926.8054365453","47236.683084953","53891.4570264372","55547.5553077786","56967.4257940383","57564.8023114977","55645.6068614606","57204.0340105222","61436.1325502558","67032.8225769734","66068.7003106378","61772.5036492256","80884.8565369236","91227.6970426492","86382.5900499252","94896.5621495988","98813.9788172877",
"Solomon Islands","SLB","GDP per capita (current US$)","NY.GDP.PCAP.CD","","","","","","","","153.450784088184","166.888037688373","165.857344778641","","277.11312090761","219.502859825935","291.252272932738","433.443902987382","371.718806188648","401.077416855387","434.409813335233","500.058223062566","657.858329669684","767.850616345384","785.830912783879","755.885653343722","686.264140182978","664.696440482807","586.02235220521","505.821806525665","514.6693332731","567.022935580171","538.101762870503","648.325212624098","665.833104132659","763.857968549522","828.869997791691","1078.0410925874","1220.17919311126","1289.33036923435","1292.23951946469","1091.89096889326","1133.62256531791","953.17190137706","911.791935385411","756.890296490792","895.984242546501","986.070953503889","1144.49233397681","1255.62447417684","1390.14870956707","1525.84666261203","1554.70671006386","1685.14535823757","1924.05795643133","2066.25738638356","2161.38627543917","2164.95289873002","2045.47721526649","2082.62383124213","2143.57670489272","2278.19908624102","2223.65890942466","2063.32780991967","2043.44413170658","1877.78104490956","1882.64394148042","1933.55538435227","2086.18955928928",
"Sierra Leone","SLE","GDP per capita (current US$)","NY.GDP.PCAP.CD","141.957418300764","142.275127657602","146.32194986298","146.309626743915","153.377740974545","145.576540628849","149.317655188564","136.121402178747","126.308899122773","153.564115961571","160.164147056907","151.83336869958","165.357917863636","200.641699774769","222.085173234717","228.374681042069","196.411784759207","224.21335896988","305.427800560744","345.86913707629","336.386279506102","333.887542728491","380.074041189746","285.814326139727","305.576232491583","235.510529343624","131.473041005587","172.364214833661","268.160979625957","231.275622974338","154.794072467618","183.686515027567","163.197571684381","184.951609154872","218.507275126222","208.351997250955","224.258711163044","199.880001395777","156.51811883387","155.020833269007","143.743743239644","358.315716051546","388.995111216836","413.817607346927","417.749983329227","462.633324427945","580.26796974773","631.889926264998","705.359014080005","652.845806767943","685.039673490948","761.146365577281","937.504428180231","1117.47183075115","1117.7586465721","964.575980888989","844.416411175476","779.186007841728","845.914540460932","843.71251730417","845.277558236182","885.396401613729","860.371067874555","758.329137301888","806.654650274255","846.296172499617",
"El Salvador","SLV","GDP per capita (current US$)","NY.GDP.PCAP.CD","","","","","","274.333279365994","282.44637356687","288.374280393621","290.096510171735","293.416580804896","308.798853901934","315.665399785976","328.509448039035","366.250658952563","413.403476363207","457.260871327372","552.994933864727","683.90258566335","711.852264187957","773.066953129952","787.149605473724","752.024012607538","735.360954743528","744.863912246485","763.168218110743","776.424283705702","755.425135831439","777.239402479086","806.392353256927","825.105232536306","892.18271519703","955.826897421092","1040.78164082019","1180.26854267621","1343.9290572544","1548.3763038362","1651.31016800895","1748.92111971129","1859.73085887742","1908.0804545224","1982.87093542615","2058.04459070452","2115.41187355626","2207.83089518069","2285.68907438892","2447.39140845394","2665.61807194853","2830.65693770733","2983.24829577976","2910.18651752011","3040.07300952878","3330.60049486653","3497.91256915509","3582.26694005169","3666.01248913873","3790.34089108162","3901.34014965811","4020.12671373919","4183.54620971358","4320.11671534627","3997.19279583709","4642.60743101342","5074.60050994225","5319.7195268688","5503.10317151907","5766.72574029107",
"San Marino","SMR","GDP per capita (current US$)","NY.GDP.PCAP.CD","","","","","","","","","","","","","","","","","","","","","","","","","","","","","","","","","","","","","","37852.9810311","40126.93686908","41931.7919135033","37600.7049136309","39035.1004348216","41790.8434204136","52529.9136967576","58232.0431338765","59877.7862692185","63270.7994496499","70124.4249984768","75902.1677701187","62429.0202738462","56543.190562068","55601.4008139955","47945.8917557105","50807.8206340193","51260.4804236805","43146.8035302005","44359.4574206971","45192.0530047599","47950.7076296808","46626.9998571568","44426.6259613672","54168.9744311193","54264.5837022908","59871.3288101478","","",
"Somalia, Fed. Rep.","SOM","GDP per capita (current US$)","NY.GDP.PCAP.CD","62.7396279412993","64.9242576104754","67.1702359919979","69.4922344839154","71.8899399360419","74.3548708796131","76.4837413887233","78.6738966197917","80.8438204901175","84.1406268777878","93.0828499649358","90.4292309374489","113.69240195555","119.562133453537","137.891575811774","177.806143412254","199.583547142014","111.183132355277","117.255345126001","108.194947756464","101.499312257078","116.884526594286","129.013919752012","118.644340868341","122.493293689734","130.832875614815","131.414859681198","140.969852181578","145.341346820158","166.042337271006","145.603501373513","105.37132651622","109.204910481074","188.603158677914","210.793779581384","210.673254610492","237.241440951671","280.112724233259","363.200013489992","358.658780828071","386.119274401275","244.914842538455","229.598918310039","286.273025198975","375.410326225387","439.979907805478","457.996662206659","479.635628065289","507.03744334738","246.513251675105","219.202453852397","235.325945610434","350.261946720512","393.398703952979","429.431656725102","445.583080073396","460.928490585175","510.939952317726","509.497273804534","539.954816211694","518.16113333875","549.056994756254","573.141165798229","596.885985135589","629.538899449007","661.173877723116",
"Serbia","SRB","GDP per capita (current US$)","NY.GDP.PCAP.CD","","","","","","","","","","","","","","","","","","","","","","","","","","","","","","","","","","","","2349.40645150289","3053.90516860949","3573.50440240049","2775.47372982047","2768.91041346166","974.725469278615","1812.42088281393","2390.73459447107","3153.9011312754","3597.08798057009","3807.97417321786","4492.7136699046","6081.08765700202","7376.73517910716","6414.0448463847","5970.92660940072","7082.2861666075","6263.04086072815","7040.41812068781","6886.67809068704","5820.3215576888","5982.37030126471","6548.03653824187","7559.86165747394","7755.632986437","8098.70955668849","9680.52798074468","10024.8191112596","12281.707946167","13677.7794863909","15262.0464193413",
"Sub-Saharan Africa (excluding high income)","SSA","GDP per capita (current US$)","NY.GDP.PCAP.CD","158.045184794932","160.853138054221","169.642607610107","188.229133416841","182.597916621751","196.045907844849","207.101436835362","202.041641566832","210.597035792365","231.525087756145","251.706670726078","251.897623849125","276.317414222192","342.661835943355","422.652404053106","451.140304585414","474.481984280087","507.058825619821","551.522595712598","630.895673841492","769.55031439677","1007.9602905079","908.599976065561","791.699435810615","687.347015552692","637.531120331265","580.445046089526","631.452930554203","646.279125130961","639.615977138882","728.268114290582","759.069420092307","664.547125583242","653.513053224302","650.68190388289","806.259994053623","877.166763209192","898.473837825483","877.212508633072","609.473891281281","628.967997107944","586.826461493206","624.838806284965","765.978126389081","925.860782822606","1072.97884278867","1233.53123307184","1390.0998726156","1536.38359632821","1426.74291944931","1642.37471849237","1795.17977483773","1817.07773780046","1879.20059513022","1906.51557748593","1646.07300085129","1455.29231657117","1547.77467837023","1621.1285196776","1795.55378673641","1627.39235037313","1784.88774854725","1863.26040059117","1680.66097936273","1541.07573422834","1671.41989803328",
"South Sudan","SSD","GDP per capita (current US$)","NY.GDP.PCAP.CD","","","","","","","","","","","","","","","","","","","","","","","","","","","","","","","","","","","","","","","","","","","","","","","","","1654.21153546555","1323.22068747862","1498.27034985194","1448.98435006408","1109.26050083408","1650.18943353528","1242.73450181032","1080.14718624765","","","","","","","","","","",
"Sub-Saharan Africa","SSF","GDP per capita (current US$)","NY.GDP.PCAP.CD","158.066704865337","160.870413908239","169.661297164558","188.247757433586","182.622877315158","196.066837596372","207.121587394387","202.062051395245","210.611488633068","231.534485351071","251.717273236624","251.919130383181","276.361287526495","342.70978819473","422.700417411479","451.193354153119","474.530999538016","507.142642925455","551.654347118869","631.122652688598","769.821388388756","1008.19643444915","908.828702377123","791.938401952333","687.60694831985","637.832918971652","580.837628498766","631.916316136411","646.802797352897","640.170427109124","728.926102015909","759.715248918801","665.304423658314","654.326096747387","651.494895653308","807.068681479341","877.933913182623","899.319355003091","878.112012610771","610.405968129928","629.85955320409","587.710901869404","625.805568583085","766.914712241418","926.94326619829","1074.12476310665","1234.75609892112","1391.26803582887","1537.38333094262","1427.57787495772","1643.30753523371","1796.16109829226","1818.06125449252","1880.39980462364","1907.73210907064","1647.32085826836","1456.65211115929","1549.18831908585","1622.59575329634","1797.04121765415","1628.43873346869","1785.98118191144","1864.70686111925","1682.2261488119","1542.65844261619","1673.07077574497",
"Small states","SST","GDP per capita (current US$)","NY.GDP.PCAP.CD","","","","","","","","","","","464.618823652555","510.955694698964","583.969376862973","722.345048940917","1133.71962150478","1210.5441063542","1303.64327804304","1544.66966711313","1751.15849593065","2205.76399031829","3032.74092444875","2968.66696582956","2968.44073420342","2777.26308145727","2770.51867772632","2693.95828567654","2491.67827851264","2825.1110325989","2946.35966266014","2933.31818739373","3333.50757384016","3423.52643743162","3614.0863116594","3469.66607819766","3675.54070755937","4180.97411993559","4316.17394952279","4473.9616049885","4496.03901461656","4730.62919567969","4846.98211684438","4839.48717715581","5133.23248844722","6060.66996564824","6954.24066365358","7779.56425219565","8649.77205518934","10056.4113345434","10984.7646983248","9299.40869272154","9799.55180930436","10887.8653862795","10829.4075164827","11137.9509953235","11422.9709382889","10451.9964952878","10492.0492970632","11319.4921033734","12064.6886372837","11997.3036529705","10730.4939107969","12435.8612830054","13644.5029834497","14360.785757405","15409.264856078","16577.8450757077",
"Sao Tome and Principe","STP","GDP per capita (current US$)","NY.GDP.PCAP.CD","","","","","","","","","","","479.373226585893","470.047210516664","511.225883278212","676.480648564475","682.841924804006","693.150687886501","585.225491976985","538.961153996478","586.866567172971","683.1642785186","828.688007722406","829.888818772033","783.429221364288","719.585065944304","735.13352186245","761.407990592529","1042.99511241999","1017.85413731046","846.60177007008","821.355129173615","970.059625606155","855.105075821698","740.471318576498","963.785698734091","989.500757799244","768.710751184259","987.048712395264","661.668232822488","513.569380269738","542.692548018387","529.089383412262","518.88050130005","568.10257252271","663.696211810494","726.560882130444","844.169181884274","861.970707697664","878.885791918745","1081.8684584729","1128.28046213305","1045.20958234528","1219.80189089671","1210.7926479817","1382.5757842916","1489.67633417608","1298.10946596396","1434.87018050521","1555.79477812888","1825.59971753966","1935.2931816596","2167.22001796925","2362.58827248102","2389.73729784737","2990.6606143535","3502.6176807171","4084.40062145233",
"Suriname","SUR","GDP per capita (current US$)","NY.GDP.PCAP.CD","377.579399662016","394.80774658988","409.105638366818","424.025532430631","434.893751961714","481.71875","574.84107690217","644.042967325106","680.595348207639","707.674445225753","724.484901513275","767.990365675678","784.951674957789","857.69079166793","1041.08454668306","1190.01968453614","1301.86536317022","1665.94384873282","1927.90601359888","2072.28775271317","2117.87083385503","2367.76851800063","2429.92391549707","2332.69790308016","2260.63794993629","2255.97717664327","2271.04733260266","2469.06737278634","2886.42980207694","1328.57013435061","941.591736102188","1079.72521342705","968.895253466926","1022.44583519896","1433.54255652781","1609.82504373206","1962.88495820295","2067.59814938391","2428.58641994202","1898.1801816053","1988.22172925433","1714.64846637242","2202.340682196","2516.10404020956","2887.7721728844","3453.42865937765","5002.65798695759","5530.17615638309","6576.08546307249","7129.5768626291","7943.60482816915","7949.88867218383","8851.24050668908","9043.19281529222","9108.18905406764","8813.61705392067","5644.2061057532","6049.52128553675","6665.74180472239","6629.66775248603","4755.39221710693","5029.84838543953","6084.43876736445","5521.97602122638","6961.78956060258","7069.87230892274",
"Slovak Republic","SVK","GDP per capita (current US$)","NY.GDP.PCAP.CD","","","","","","","","","","","","","","","","","","","","","","","","","","","","","","","3221.04590790625","2253.87911882661","2437.87630211282","2627.44823950706","3027.82138293263","3787.03820237267","4069.11897669644","4091.68452874888","4250.37387978468","3857.18012283382","3827.72506501314","3974.36802854653","4606.38793538107","6283.15169311309","7996.74076556872","9087.20357002472","10629.1782325838","14330.2064943926","17973.8436435514","16586.7527805228","16899.448680529","18469.4354316836","17516.9691054078","18312.7805149823","18770.9289896545","16442.0760860018","16636.0769133073","17645.5298716761","19573.3717031314","19406.0589683582","19735.4858280801","22123.3342114545","21317.7943982363","24614.8734642794","25992.6748502048","28543.6653439813",
"Slovenia","SVN","GDP per capita (current US$)","NY.GDP.PCAP.CD","","","","","","","","","","","","","","","","","","","","","","","","","","","","","","","9925.14071044684","7229.31149788617","7151.15243829224","7254.58887417768","8243.89895545106","10738.0887611468","10796.7399446283","10436.7260661871","11131.5666628231","11401.4906790909","10135.7219109212","10375.6255869861","11639.1297780477","14711.674874253","17103.8297783905","17969.7095907161","19563.005059144","23725.1596001515","27461.9764165315","24501.7897290425","23329.8417691156","24940.6284841605","22442.1417859955","23236.9655321695","24013.0682060959","20697.2748530619","21447.8377796036","23303.077705959","25888.0481065655","25814.1687167572","25392.0651093612","29192.8401933019","28360.3041467268","32660.4753581346","34301.0318686594","37376.2216079138",
"Sweden","SWE","GDP per capita (current US$)","NY.GDP.PCAP.CD","2128.36441205712","2304.47143531351","2485.46561781218","2675.07291656901","2961.02884624727","3227.87974049912","3477.89737890027","3746.2048797826","3953.08297234501","4262.92603293035","4729.35071602705","5125.27034757101","6018.39052977191","7290.6303239401","8078.18604272449","10102.6388909372","10852.5192441428","11432.0214920218","12602.2217238449","14855.5957561141","17073.0446711494","15563.8332773497","13719.0538964279","12589.950077442","13080.0302290066","13647.0439039697","17954.9510185679","21760.9646490625","24499.1240758517","25625.0162127747","30549.3185706762","31776.6680192213","32753.4287003642","24389.8738124128","26045.5196995275","30254.0273028727","33022.2444768661","30324.1845796306","30605.3669074811","30968.8710702052","29632.5890811623","27259.3174300217","29957.7776664916","37292.2419727801","42758.0048564929","43378.4077394363","46531.3762240485","53568.3057787832","55817.1759726485","46707.6425044751","52542.5759090299","60379.4814599322","57749.5615420853","60843.9888799369","59583.4584491714","51188.1652120493","51703.5088332851","53210.2233318965","54018.4554391861","51648.9892820514","52568.5726980146","60647.5416365347","54836.8907235124","54950.2834725622","57222.7100565003","63133.2126736715",
"Eswatini","SWZ","GDP per capita (current US$)","NY.GDP.PCAP.CD","101.572799813694","121.795718753065","127.095766410182","146.391131380777","171.608409764479","180.977225619081","192.744540046073","182.773359711151","190.386590098492","245.233981580731","254.161125489597","301.119152172814","315.028466244508","463.251615844177","536.161003835798","567.884816620216","520.799625738095","562.711578492044","609.960650013647","713.953305118319","908.375601827987","925.368712517647","843.043006864844","842.750203378801","726.345118603826","509.885951472336","611.298158219647","764.752134047322","865.25154443731","831.847150129225","1277.69173005665","1273.01224518903","1361.8169795148","1397.26593317978","1461.36400128736","1750.75400773784","1619.19119707662","1705.39874942229","1546.51519325373","1501.66426653189","1629.67038842815","1429.85630359447","1315.73634647994","2015.21743065251","2525.5640452625","2871.06877437449","2964.95865200682","3109.11097608864","2946.8606613746","3189.79679956637","3922.74039390733","4225.06049411911","4224.54789174487","3949.94310039907","3771.07228381938","3419.82276559528","3238.17611961364","3853.09956569679","3972.65450620357","3913.14577547336","3466.56936278145","3984.00229174306","3894.1620089869","3755.52111232464","3909.55892378182","4108.25221093363",
"Sint Maarten (Dutch part)","SXM","GDP per capita (current US$)","NY.GDP.PCAP.CD","","","","","","","","","","","","","","","","","","","","","","","","","","","","","","","","","","","","","","","","","","","","","","","","","","25528.412619483","26403.8143692163","27317.5178881974","28149.0997855041","28529.7324687053","37134.912423099","37839.6283815163","37308.6147795736","34701.3058494468","31708.3110124742","34861.469528968","30150.8998380477","32548.4366854902","37793.1283815826","39451.822911732","41472.5870367865","42978.1317407037",
"Seychelles","SYC","GDP per capita (current US$)","NY.GDP.PCAP.CD","288.058144476031","270.279646614487","287.04477353783","308.195248410849","332.304985875279","328.484883920328","337.64622904411","333.233798841887","314.351070663894","314.179858636278","343.88118849057","401.608022143052","546.951095334072","648.531963657638","744.506898260813","806.232644338165","814.47477447888","1044.35311338903","1376.5465132826","2030.13590313409","2478.36470343969","2557.20665504671","2440.6841742286","2426.33460826276","2487.64499220084","2754.14571028218","3368.4740950781","3871.77851995844","4392.19864861545","4689.1345079999","5642.072897243","5654.63975724251","6520.48950519188","6978.68075445824","6974.86770636796","7180.66832748656","7004.33603896356","7746.69851330444","8209.51444287","8243.23610099084","8063.65500575169","8153.2986369879","8864.16919495467","9070.28460757013","10827.671636033","11802.1118276833","12782.9938926475","12669.3026687222","11265.4376270005","9747.09180546291","10934.79494629","12110.0937461973","12337.1554669388","14821.2921476077","15188.1902175113","15333.1051727105","16566.9946042294","17480.3651911372","18440.2340460932","19141.5118743615","14041.4754074575","14982.9111487767","16682.6990711785","18130.5297135548","18364.5259678223","19449.3836346926",
"Syrian Arab Republic","SYR","GDP per capita (current US$)","NY.GDP.PCAP.CD","183.525069735278","196.293561633919","223.934209140492","234.899747591945","254.217527062223","270.830584796164","239.30759595908","272.914639434944","293.330341001656","363.554844445761","335.451366800943","392.515069525448","448.237758556479","458.830061186419","706.579580221326","903.713462066405","976.48924016597","951.240398587355","1107.78304477534","1146.36179260974","1458.23976434095","1675.79747403807","1702.68062491316","1775.83203705709","1706.21944810524","1543.7649395519","1208.16084262217","997.128134355135","897.70876335774","809.044028162459","978.489616979607","1000.07798684947","990.138251191708","992.771367475098","712.387716635783","779.699100153744","918.195857362788","940.826589804978","960.837504927725","978.17453169496","1138.18722723683","1177.53806921268","1189.98119453595","1220.179077256","1368.11263904001","1533.90017615946","1718.78469956591","1937.61199094087","2429.1247629459","2462.20127278738","2730.61487784917","2952.14372909443","1897.66115018696","985.892669221634","1060.59105887433","847.731545352582","656.349017520952","851.501972646386","1098.06667935023","1109.53933821464","593.911771822527","688.566109726934","1056.78264718197","","","",
"Turks and Caicos Islands","TCA","GDP per capita (current US$)","NY.GDP.PCAP.CD","","","","","","","","","","","","","","","","","","","","","","","","","","","","","","","","","","","","","","","","","","18325.7458111974","17803.9471767733","18859.1890274773","21246.00980049","24122.3028180757","28734.2873064523","29443.8523030072","31453.8228752689","24596.8938015951","23093.8498268267","27327.4006354146","25923.6156503875","25653.819867471","27292.5820256776","29457.0140691162","31373.5612684327","30014.2309523213","31625.616593277","31780.5217068989","20690.9160546118","27329.2885087196","31280.5418020808","35470.2151608295","37506.7798431288","",
"Chad","TCD","GDP per capita (current US$)","NY.GDP.PCAP.CD","102.819470459603","107.320380491931","112.619958010844","114.710860761079","118.594106789032","123.56227611622","125.779460124418","128.209999741615","126.87277490154","129.175848997716","125.882078424937","131.816410865026","150.369805704401","162.371866237422","159.998978775959","207.476255156215","203.713116730324","215.935450416974","252.511381682505","222.914738532944","228.770491876017","193.971579541809","176.083750783324","167.180974589951","182.175880946335","202.710985101435","203.354449515341","213.931729919066","263.544647841815","246.355378549117","290.599045262191","302.487268390603","290.648286132566","220.729964903293","173.928895064035","203.964852705041","216.912541056484","201.384076969355","219.779530915601","186.638531146223","163.121663683369","194.32295331156","219.061391951349","289.087621122168","445.850767157087","838.092107712557","906.897260572747","980.483531485103","1166.36883453841","1035.63719694254","1141.80069268412","1308.1421872538","1354.34344701937","1304.88742971475","1278.78981422494","993.990730610869","861.831767630746","854.46120040098","948.656629871231","893.336441643325","866.947814890409","946.358500208374","966.036468278568","949.991054236266","980.668312111718","1022.33559390754",
"East Asia & Pacific (IDA & IBRD countries)","TEA","GDP per capita (current US$)","NY.GDP.PCAP.CD","91.3802571544005","80.5543140095914","72.5209927013902","76.4669229998065","86.1944413412984","98.0103081184699","104.345470535028","98.7397966811935","97.2605818901621","106.446178947349","115.371975482505","120.627148449905","134.020481612004","164.713132861925","182.701577930808","201.194079350329","201.071871936437","228.08829233148","217.901256348867","248.354130559149","282.172716876686","296.638660486771","306.301092040175","315.356013514066","336.28597041083","362.345629981072","355.377868708384","345.154435745665","376.514745475974","400.299436208748","422.071410076562","451.285275077955","499.112755101956","540.427508690315","641.960437587346","781.740273009877","886.701839758086","906.493021348914","818.793324750308","892.251747167714","972.833173903317","1026.64920971957","1127.25093373191","1266.10778868123","1456.9669469541","1673.18872013796","1999.8599576078","2510.42063084895","3154.16917322889","3398.52810801107","4104.80139766727","4970.50414407986","5497.15541159145","6020.77821511419","6446.18938511466","6664.53447337008","6758.79473763568","7323.57112357326","8136.42934013947","8379.42503514668","8485.28948088661","10086.4082581275","10220.556668162","10240.3474676862","10508.2462082104","10965.8265646099",
"Europe & Central Asia (IDA & IBRD countries)","TEC","GDP per capita (current US$)","NY.GDP.PCAP.CD","","","","","","","","","","","","","","","","","","","","","","","","","","","","","2336.29183699385","2250.84506249372","2374.64061502214","2312.75033373274","2135.38646376765","2107.48545754442","1896.40732020919","2264.49360886538","2329.88113193067","2408.24273793154","2165.17962536191","1878.80070824489","2044.36249557921","2080.99745064169","2340.84304586083","2879.67149467058","3723.46934484203","4660.83802232756","5633.02971807333","7247.0818892658","8951.35076734201","7074.11060707405","8293.77511577841","10044.9046719064","10435.8086234655","10986.3954318467","10330.3982164695","8034.6842596255","7679.02768410566","8571.09823045668","8885.56352555245","9040.92665915657","8455.78453528889","9992.00521619821","11422.1622613514","12070.5942969794","13364.4486876078","15300.0702229683",
"Togo","TGO","GDP per capita (current US$)","NY.GDP.PCAP.CD","102.238985564471","104.830748893841","107.761209503061","114.616211257053","130.360610675638","144.098515583253","162.919341838376","171.069637256","174.910439992564","185.029288995797","166.861793379275","182.2883269979","207.562328319841","244.840492887662","329.182274184227","353.836797732978","346.61611702864","424.884142466883","439.835706566761","463.966023357797","574.920225193386","471.976047235317","391.787096992045","356.531424888936","326.546681169977","337.014048169162","454.510025928692","519.18142138477","556.09976573928","529.714170208593","619.184841877398","591.939138361428","607.946006940374","448.033969931112","355.429579368426","449.85596910209","482.27462715388","476.890484883584","492.493381462559","477.217016566667","440.420399069497","426.883605884489","479.438373869587","579.728195854724","604.311329116751","595.200212014134","596.249203137762","654.083697666439","771.351190404751","770.172869777254","750.323421086121","834.14671980279","813.611525037432","885.698522723929","921.539748631461","813.894676975085","843.114204338675","872.076408845752","942.480774393154","917.718016777619","961.219781201934","1076.29520076949","1071.61539220759","1182.32951436696","1266.08777721447","1383.89974929887",
"Thailand","THA","GDP per capita (current US$)","NY.GDP.PCAP.CD","102.814571454958","109.728794269464","116.179493337844","120.658598748696","128.642226903734","140.899873696781","164.533414431069","170.666971518706","178.839752885801","191.438734515692","197.097903475424","199.662201986255","215.582022917854","278.285062967675","342.978897633446","363.526350179478","405.408734060752","461.659141640678","548.233113208345","612.08876018577","708.729450091584","748.156726132308","770.398953205891","826.932302137698","846.934168430884","773.823923674613","842.098436226451","970.452522513385","1164.20096229495","1341.72978395303","1559.11209344755","1765.62267359529","1971.60879910694","2245.13688708983","2517.70732641683","2864.36515719866","3054.65690806473","2473.14096982086","1847.70379269771","2033.24490520569","2005.97694514234","1889.93432467144","2089.75183111554","2347.54001286066","2641.56268717857","2867.70383436062","3331.32043511773","3918.52817434581","4309.13509292986","4135.43986952819","4973.86288823778","5373.6232832898","5725.52802835463","6018.08244729255","5801.1978916205","5688.85335397884","5833.57715617098","6413.09182530343","7099.77650081458","7605.69657797759","6983.03412836245","7055.18760721422","6910.00995211206","7210.54130832685","7386.63615126055","8056.56359761558",
"Tajikistan","TJK","GDP per capita (current US$)","NY.GDP.PCAP.CD","","","","","","","","","","","","","","","","","","","","","","","","","","","","","","","487.03612866309","457.767825924805","337.833145514813","287.620123754917","261.271254544865","207.034457343036","172.035088688368","150.088550171239","213.749145581577","175.023764735625","136.925716400723","168.676285365186","186.951638285222","233.58124845289","305.745158587502","333.927150941684","401.018403316427","516.997210618914","703.327375898643","664.795655734657","737.338883219356","833.601978202852","952.452819695469","1028.19704279396","1081.54402932039","956.916310930656","788.710481734485","829.45714764957","834.288404578801","871.022372934846","834.311715460625","896.748053372182","1052.17949484894","1178.47990060249","1362.02559981695","1637.2542942547",
"Turkmenistan","TKM","GDP per capita (current US$)","NY.GDP.PCAP.CD","","","","","","","","","","","","","","","","","","","","","","","","","","","","675.221678074412","845.932942002334","821.029864511916","848.155047388424","831.99873207474","811.354156451902","788.418914207107","622.13478015809","592.247247321132","557.894220051334","565.022638048501","590.791293266381","545.519003106054","633.835487638011","756.034976276398","935.540801478466","1228.94870289404","1379.23009682692","1604.01618452312","1996.59310717308","2414.96071986964","3605.50395120549","3707.97850699617","4058.53937000739","5143.61929334647","6053.8748468749","6599.64529055481","7164.14536184006","5759.497903834","5238.00827202546","5125.54920055808","3911.98557297865","4365.1152919542","3935.37749365223","3713.20113171765","5198.18947409551","5298.46421949276","5904.25772576512","6540.17876401136",
"Latin America & the Caribbean (IDA & IBRD countries)","TLA","GDP per capita (current US$)","NY.GDP.PCAP.CD","356.537386441434","383.827979445883","391.53698854492","413.595959689434","447.159736530697","467.011193441283","500.490414071407","495.819431061317","517.782198082886","563.384415455481","598.981483850136","649.767246609577","712.288818801421","932.782273310876","1190.2218432487","1214.74981069201","1302.9384934649","1400.74505217605","1637.65497516773","1795.7362545953","2149.04242467187","2409.70040368266","2155.75302223233","1843.39314383712","1893.10260985086","1830.61775316861","1809.28901937081","1903.50395165055","2047.52068815623","2227.77365185419","2425.77128166682","2587.87278904436","2787.66132657122","3258.75748628284","3744.60852665502","3983.20860877186","4255.85859434658","4593.58561869128","4563.93952667197","4029.14285007531","4388.92619654046","4222.97448407526","3714.37478753607","3728.7274317918","4252.8384478077","5103.97071369353","5926.88235769307","6927.88293213364","7989.38012096582","7386.60044484214","9115.37372505227","10277.434412177","10261.7354879621","10230.3626492605","10059.0239257076","8404.04978849744","8082.0851229591","8918.58515585187","8620.65095771156","8363.2081656376","6965.15053129735","8076.87634033776","9177.79711881332","10259.5487208892","10441.4685782421","10822.5929247606",
"Timor-Leste","TLS","GDP per capita (current US$)","NY.GDP.PCAP.CD","","","","","","","","","","","","","","","","","","","","","","","","","","","","","","","168.621010199317","189.794649212749","235.064767714477","264.066994790836","283.058000480762","302.736982028369","344.013327625123","348.86424098109","345.59090957317","269.987312761397","492.457669429651","587.700692767858","533.982476434866","534.901153697657","474.420767344689","487.464555404292","464.667001844159","540.154584237662","628.153219252849","686.579295832381","813.060177250597","939.045241112693","1022.61903188429","1204.56841532931","1224.74957758801","1319.59297370991","1335.54390089814","1266.17767952941","1219.46598597604","1562.36458881813","1630.86935439232","2684.92673717299","2343.24955542816","1502.4114958903","1331.9705130185","1340.9640193437",
"Middle East, North Africa, Afghanistan & Pakistan (IDA & IBRD)","TMN","GDP per capita (current US$)","NY.GDP.PCAP.CD","143.39304098394","145.817065219851","144.685687622019","155.280736796456","168.932648285113","182.388053228649","189.597625262538","202.57260154232","221.249359650225","239.295698957995","261.436377766715","287.792093581529","318.212372564204","381.763756415183","570.825807702265","637.023416015132","762.903755311021","855.608667756394","891.618214088001","1075.74529425061","1266.96167816744","1199.39736387939","1299.72997788428","1379.31215423068","1396.08438827983","1453.88640068481","1515.49739459625","1287.16915229189","1211.75021740014","1181.70229419064","1551.33182518395","1021.78047565076","1019.88704661056","875.599089613293","897.479717233544","975.846138276511","1056.46578583751","1075.367768169","1072.89061364339","1135.62755562768","1246.01970518845","1225.47782863822","1168.60409646318","1263.9157454015","1463.30459081335","1657.84291463325","1885.14874832022","2240.98839135161","2662.28112447526","2518.05377845565","2823.25407911922","3240.2024082126","3420.25908562298","3152.86009912184","3077.87148288398","2805.48695611112","2864.53445831005","2860.68231685818","2810.24942028442","2695.09130976796","2409.54729126605","2754.03924421055","3017.03706401547","2867.14499885351","2962.60094580465","2826.65540584536",
"Tonga","TON","GDP per capita (current US$)","NY.GDP.PCAP.CD","","","","","","","","","","","","","","","","349.470975414391","315.094854046623","352.953092694597","427.631287521076","457.916448085709","544.754241437563","635.712889829014","633.477863554833","621.073531745178","655.66235882708","612.943575629463","695.805077185729","830.153019585043","1077.6835915018","1069.83546760253","1139.0553819198","1323.40098550339","1370.36142598699","1383.47386584881","1956.66180354821","2084.02759539718","2214.91474789811","2135.52111086276","1888.83194028282","1952.14626248861","1995.07667546271","1753.51667576626","1759.4805324576","1936.04104012389","2195.44890047673","2477.72620144825","2750.34778600857","2797.06560109144","3218.45303993196","2914.23774004564","3416.08356601207","3849.99375750134","4384.17058724217","4219.24670113014","4136.59010898445","4123.90347238813","3987.98618837043","4365.92929788648","4675.04776047973","4788.83350468584","4792.35872413906","4922.8015864044","5298.01942454298","5651.59357939286","6215.38990974121","6547.18646814228",
"South Asia (IDA & IBRD)","TSA","GDP per capita (current US$)","NY.GDP.PCAP.CD","85.1907206631682","88.5374401369039","92.4759784008019","101.699730347077","113.953993552671","118.725582639515","93.5095090778817","100.49023197921","103.257624279526","111.460473459612","116.640107755321","121.457638271028","121.825770983221","142.634192314819","167.031856543516","172.084670696832","160.699674402499","181.897614762572","201.52609182316","220.868328829726","261.18079594149","267.20705190365","268.048426266136","281.59105118681","270.882249205897","290.836561595941","302.215568474208","330.263803635955","344.39140735961","338.645008018598","359.953973128088","303.81805683771","315.53713133931","302.994994507191","342.723111684397","370.570693920918","400.095114023544","415.002724170031","413.676322288749","437.982047564941","440.467918910931","446.418919348871","462.898836496672","532.66154684429","606.478041696258","686.338193475473","769.378704313512","967.697911561283","958.275511460297","1054.43555885745","1294.02734415145","1397.0068255002","1387.18205938261","1405.84072374278","1528.4920875126","1570.54142452744","1722.90703396273","1956.06707563972","1988.36633317988","2067.05975680251","1957.20343709781","2273.72055805692","2326.72890585805","2449.857142451","2601.82209529365","2705.28227429085",
"Sub-Saharan Africa (IDA & IBRD countries)","TSS","GDP per capita (current US$)","NY.GDP.PCAP.CD","158.066704865337","160.870413908239","169.661297164558","188.247757433586","182.622877315158","196.066837596372","207.121587394386","202.062051395245","210.611488633068","231.534485351071","251.717273236624","251.919130383181","276.361287526495","342.70978819473","422.700417411479","451.193354153119","474.530999538016","507.142642925455","551.654347118869","631.122652688598","769.821388388756","1008.19643444915","908.828702377123","791.938401952333","687.60694831985","637.832918971652","580.837628498766","631.916316136411","646.802797352897","640.170427109124","728.926102015909","759.715248918801","665.304423658314","654.326096747387","651.494895653308","807.068681479341","877.933913182623","899.319355003092","878.112012610771","610.405968129929","629.859553204091","587.710901869404","625.805568583085","766.914712241419","926.943266198291","1074.12476310665","1234.75609892113","1391.26803582887","1537.38333094262","1427.57787495773","1643.30753523371","1796.16109829226","1818.06125449252","1880.39980462364","1907.73210907064","1647.32085826836","1456.65211115929","1549.18831908585","1622.59575329634","1797.04121765415","1628.43873346869","1785.98118191144","1864.70686111924","1682.2261488119","1542.65844261619","1673.07077574497",
"Trinidad and Tobago","TTO","GDP per capita (current US$)","NY.GDP.PCAP.CD","633.975608394336","677.713824022157","703.620804079905","756.284906625836","779.766014894579","793.357738715678","767.537870840813","796.703860051473","783.173633599792","794.529655166788","828.919857464313","894.45305348288","1067.46412567566","1273.3221357336","1962.02689234886","2318.69169815563","2344.93028321949","2907.3734770717","3258.0927567116","4155.1594201721","5559.05209507101","6159.70947284839","7091.40621892043","6689.80831238034","6613.11947420709","6212.00065299742","3984.99609719733","3941.12013972631","3655.81977035897","3481.84505761067","4047.25093594674","4205.37778348016","4277.47436935604","3646.71231742803","3839.96290233114","4114.68908475464","4427.27832448289","4393.94496943068","4612.70900312686","5179.08350809274","6178.58975559687","6657.41466937221","6762.93080808096","8445.04653518298","9871.03419820086","12346.4373094075","14152.6607422113","16606.675360681","21298.9945258063","14634.0565003912","16815.424737361","19151.0870229722","20332.1389531925","21304.9777496628","21908.3014555644","19887.2327716498","17449.1538801956","17566.0999700656","17571.498737278","17212.6128892163","15283.6270531554","17712.5674104655","20750.5202434652","18308.4536298575","18733.4110406494","18967.2704636681",
"Tunisia","TUN","GDP per capita (current US$)","NY.GDP.PCAP.CD","","200.671835449762","201.419166932165","231.91940785127","228.484793689273","217.269013478937","223.750680246593","228.044765187406","248.91225549272","257.738832521682","280.476910228346","320.272102901124","414.626612581104","493.172121667472","623.75935280482","741.35491566103","751.741946408618","829.983963323177","945.964678061001","1113.44445018775","1323.62643763339","1247.12801268551","1177.30518554913","1183.8417233031","1143.2812867658","1134.99813055736","1186.50651525734","1244.76663577347","1266.07583258953","1239.23860226784","1476.43160477311","1537.87916511306","1784.81850188268","1649.18537309075","1733.46614673506","1968.16600944373","2107.40815649257","2202.06090620956","2285.01933541864","2376.06566791596","2199.04465936314","2235.71981624751","2320.7723805785","2725.8643148859","3067.41936376975","3146.8260743927","3322.56933570096","3726.91672935667","4255.05008019523","4080.09032448781","4291.86120891575","4420.64772206537","4297.26782454273","4369.79345826358","4458.97895464547","4014.94773686432","3847.80354448809","3619.03247319953","3628.10366464236","3528.87213306798","3548.65363663803","3906.93926319391","3707.29283414381","3951.11683376921","4187.64079392362","4656.63818386852",
"Turkiye","TUR","GDP per capita (current US$)","NY.GDP.PCAP.CD","267.091207552765","274.350890943262","298.241020884883","337.019856859205","354.365541117168","369.967082204625","424.984610131778","459.449369053159","501.12130904111","543.947401329478","487.565086682435","430.897259673783","537.337529232528","661.080821885172","880.728167716848","1121.54326914976","1227.92409658199","1371.96185651463","1510.18531064944","2013.37374286503","1515.64589850068","1536.66562064101","1360.23825219775","1275.68337617131","1209.05149383313","1326.42701445307","1461.49658654754","1649.96264794402","1685.69479240535","1948.59179454794","2689.52621921233","2649.27259974439","2743.65320297936","3057.93737480422","2176.2801813809","3845.98997887841","4041.36210281686","4197.37636165642","4331.02761275037","3973.77763854116","4199.3798635759","3052.2256706793","3591.08628982587","4649.63668068586","5979.6054216148","7331.85429430255","7990.08251407245","9766.91734545294","10913.4079047769","9076.92472236977","10698.9699409757","11373.6355760885","11776.7593362033","12635.5570016068","12209.3862327674","11064.6494504662","10984.3643169061","10756.3877677883","9684.11819884721","9395.23378001368","8798.11791709313","9981.76398411336","10897.8397861365","13375.0947282864","15892.7157287241","18599.4420922378",
"Tuvalu","TUV","GDP per capita (current US$)","NY.GDP.PCAP.CD","","","","","","","","","","","456.640627603398","477.922530255047","521.514044962269","600.583601271126","708.060574746717","656.326312583979","611.972553080204","548.821356812662","546.037352781083","565.932549315669","571.0192959143","634.203764501491","537.440652615639","533.130094256608","567.195381239419","480.095933768573","556.736790985481","599.750746530394","823.087505442833","976.047477175313","1084.66707221699","1134.33175551477","1165.63710360353","1141.17904410247","1278.65870076399","1284.76446104166","1427.80960501753","1461.08618049276","1459.64937141718","1558.60396569869","1559.22072281826","1475.03705936258","1729.16968588975","2020.10103886055","2330.77403351989","2298.44257265761","2413.97836453913","2803.75365477849","3062.00125965971","2662.42865634448","3054.96154183353","3679.5325726267","3558.89749224226","3524.00277634143","3518.13249227107","3352.66722400181","3779.15293916285","4166.79162422818","4467.21144027065","5058.85266607659","5029.57159284173","6042.51983141155","5414.74642912412","5143.8397437226","5883.50257114002","6041.44908591428",
"Tanzania","TZA","GDP per capita (current US$)","NY.GDP.PCAP.CD","275.296020507813","285.156799316406","303.997436523438","329.010589599609","346.301818847656","342.077941894531","380.497924804688","384.642944335938","399.301635742188","405.450805664063","217.235641479492","224.451416015625","246.546295166016","283.801849365234","328.783599853516","364.969940185547","397.542755126953","458.058349609375","529.603637695313","542.11474609375","611.211791992188","683.913269042969","701.959838867188","685.276489257813","609.331420898438","700.450073242188","479.281768798828","334.822784423828","307.50634765625","259.502227783203","243.611557006836","276.452453613281","250.329925537109","224.491546630859","228.890029907227","258.418334960938","313.658386230469","363.597686767578","386.378448486328","392.621765136719","401.698150634766","396.638732910156","402.649047851563","422.18359375","450.385284423828","483.334869384766","475.746734619141","543.198303222656","675.977233886719","693.823547363281","736.530151367188","775.392761230469","861.969909667969","963.05712890625","1022.74841308594","939.127319335938","953.0107421875","986.674011230469","1023.10626220703","1063.32250976563","1117.41528320313","1159.85656738281","1207.52062988281","1224.00219726563","1192.60668945313","1318.81921386719",
"Uganda","UGA","GDP per capita (current US$)","NY.GDP.PCAP.CD","55.3784976132181","56.1759278091596","55.5048704604887","61.9553768191835","68.6259930194368","99.9527652325075","101.435414620908","102.80034732844","106.851228104531","116.682296330854","122.030929585629","133.468088316131","136.964736487473","152.709417587824","183.71757196626","201.237292844799","203.309813650809","237.584889064205","190.690145097606","164.513012181127","93.7506991135184","98.6467550654109","156.952422909331","157.527216922525","247.516937638636","234.276502777526","253.643058810817","392.97074320479","395.187660960924","310.186025249445","244.987168126806","182.955897348348","152.113542415537","165.616476211716","198.441987998795","278.520835668767","284.698259285733","286.846637912964","292.453037058835","257.921949601357","258.050338731086","236.021188853993","241.984688408335","250.71543664681","292.38185796262","330.405402707025","346.518255310647","401.389130865581","472.842681495852","798.947089938247","823.488144282","835.620060555838","795.222867553127","818.285427416713","896.054795546394","862.934610355811","752.696571725656","765.218332297361","792.16570022814","822.171150036357","845.766463890124","882.791717542504","963.067314117178","1002.30913917142","1077.91278438613","1206.30450825002",
"Ukraine","UKR","GDP per capita (current US$)","NY.GDP.PCAP.CD","","","","","","","","","","","","","","","","","","","","","","","","","","","","1244.04125976563","1444.248046875","1593.07861328125","1563.63415527344","1482.6396484375","1413.24011230469","1254.02868652344","1009.09405517578","933.191772460938","869.846069335938","987.489807128906","831.336791992188","631.910461425781","653.294311523438","800.49072265625","903.011901855469","1076.48156738281","1401.01806640625","1875.33508300781","2366.494140625","3160.32763671875","4017.806640625","2607.08764648438","3039.63232421875","3656.69799804688","3951.34228515625","4129.89697265625","3054.908203125","2094.47387695313","2158.46118164063","2604.28759765625","3059.0517578125","3619.86157226563","3709.76928710938","4775.94580078125","4199.6708984375","5139.59814453125","5391.62255859375","5865.884765625",
"Upper middle income","UMC","GDP per capita (current US$)","NY.GDP.PCAP.CD","147.175574866266","144.912830251092","140.737085055798","150.56318652341","167.974556043758","183.436497673759","197.038212851919","194.904990677724","201.24015794446","219.94943912189","233.363768425516","247.599088203852","276.92525975073","356.065109164661","448.947858543733","486.602550806254","517.785197662186","570.5142843785","617.42554346039","707.353278943851","814.703151641249","865.819982134148","836.523126498177","802.000679782293","830.735059395974","841.047106109129","854.063309531703","853.777436427874","899.74187818508","967.454472524236","1103.81515656019","1059.01457320723","1118.01803280465","1214.5545091675","1352.19912711724","1546.56756568085","1689.35521930297","1775.02628535094","1696.51871378739","1640.11463783694","1770.11128068614","1752.86019561176","1753.62964638707","1935.25325203089","2258.66066315712","2659.85428273288","3110.01687964695","3790.61802604987","4548.12039834524","4481.74305807356","5435.75133241642","6434.65448466732","6813.15382418428","7183.80264347723","7399.1550644732","7083.47780015619","7068.00587843387","7676.40394987858","8149.60205746059","8244.30681174043","7949.25683610967","9409.61235165342","9796.27244734764","10118.6217728148","10443.3480457159","10890.0974812565",
"Uruguay","URY","GDP per capita (current US$)","NY.GDP.PCAP.CD","491.031760304596","603.966513233705","659.393716891716","586.821191669431","744.654270146069","705.202527526694","668.17637665776","584.75530449369","578.548868536136","722.586254907569","765.763011986694","1000.28365412257","775.937251050835","1397.28960304383","1433.17797475063","1231.85370953179","1268.30303240921","1414.23789985403","1678.30925622568","2442.65957894266","3442.81230620351","3728.4455696996","3084.79407002174","1707.14462849135","1615.40647277136","1568.43216486363","1938.8108486947","2415.6541994875","2677.19777690993","2734.36623871535","2995.36105663465","3589.01541942634","4101.71054155291","4753.00924682647","5507.56481300056","6050.48632253644","6398.43575184095","7436.29342620682","7836.89183322307","7370.56995453931","6987.70098766257","6382.76104740859","4149.76140312687","3671.12329256883","4168.66065438387","5284.25677987129","6001.33294783172","7222.05403645877","9423.96562595893","9881.39573127081","12641.0576849008","15132.2675725587","16259.5940814256","18335.2594772322","18322.4276767157","17125.9016800298","17009.7584207276","19184.6626114272","19249.9404677501","18315.7350377437","15757.5341990356","17881.8119616753","21009.2883798725","23378.6399733516","24308.4954958447","25215.8238152781",
"United States","USA","GDP per capita (current US$)","NY.GDP.PCAP.CD","2999.86487154495","3059.16082086127","3236.01311150062","3366.36978960346","3565.31443016356","3818.28825117968","4136.30829579106","4325.95935063186","4684.58840293763","5019.99818634473","5234.2966662115","5609.38259952519","6094.01798986165","6726.35895596695","7225.69135952566","7801.45666356443","8592.25353727612","9452.57651914511","10564.9482220275","11674.1818666548","12574.7915062163","13976.10539252","14433.787727053","15543.8937174925","17121.2254849995","18236.8277265009","19071.2271949295","20038.9410992658","21417.0119305191","22857.1544330056","23888.6000088133","24342.2589048189","25418.9907763319","26387.2937338171","27694.853416234","28690.8757013347","29967.7127181749","31459.1299691554","32853.6725949234","34515.3813073394","36329.9702595751","37133.6203973517","37997.7424300242","39490.3023903176","41724.6411982614","44123.3996470026","46301.9876485519","48050.227412195","48570.0594269601","47194.9500893872","48642.6312088213","50024.8812320773","51708.3940614082","53297.3862901595","55153.3940182967","56849.4697923159","57976.628204291","60047.7190728307","62875.6661382728","65227.9565911038","64465.2971415748","71441.2319805947","78008.6895811877","82586.7847707894","86169.6641581917","90026.5163005744",
"Uzbekistan","UZB","GDP per capita (current US$)","NY.GDP.PCAP.CD","","","","","","","","","","","","","","","","","","","","","","","","","","","","450.244536476152","550.999615085024","598.123131680436","652.9376529256","658.313550528068","602.920525827048","595.777099596612","574.229079896619","582.54213674034","597.33228695111","620.59129581366","621.048904301242","697.763539790812","555.149231099186","454.415812256778","381.409296889283","394.164028897235","462.171492867885","542.835808692209","649.118167003925","824.028192334768","1074.72928796701","1205.7993547038","1956.78127255673","2338.55462817306","2573.95586785056","2781.38869470315","3021.00331668049","3172.89899391083","3128.42307170099","2271.4730109511","1894.09088741408","2128.66067138334","2087.96374711792","2370.36480555669","2698.60262953369","3015.97705069457","3337.45492058664","3968.2720079072",
"St. Vincent and the Grenadines","VCT","GDP per capita (current US$)","NY.GDP.PCAP.CD","154.839953548866","163.036741587138","166.501945155564","154.855789598022","164.439675512733","166.1585179605","174.900705580548","170.043233030992","163.084474570509","175.156220412801","192.259597349006","206.99399543877","282.092288222755","305.651792826921","330.705359076164","331.090937950783","324.049573435426","483.859271677682","592.019182500428","687.067392389007","790.115816929074","971.577277314431","1073.51398364931","1144.30586148776","1253.86525558125","1342.2456378927","1471.86296489478","1596.17319303831","1813.93765107441","1929.91050958212","2149.73944358984","2270.76357246912","2470.51840791008","2539.64968649849","2563.24976564442","2795.36305613955","2930.44394742606","3073.7784743848","3301.10018129103","3446.52293031878","3768.95536604022","4071.08601098962","4303.27976789727","4499.61454193342","4873.48947742443","5157.39373878102","5744.8278621257","6398.19123532172","6598.90531450859","6463.78777336717","6551.96835992405","6527.68996854448","6713.80768643865","7072.46737188939","7168.82875342911","7353.73556054184","7656.90042881178","7988.04445019298","8428.12677153069","8740.59425232061","8351.20324040982","8641.27904024443","9693.55867833025","10582.3656725229","11501.2265187188","12561.769166789",
"Venezuela, RB","VEN","GDP per capita (current US$)","NY.GDP.PCAP.CD","939.197766577539","954.038330638213","1006.55940812318","1060.09433210388","873.604754880876","869.041067890496","875.956231715029","892.985315556393","938.015078662499","931.598755748143","1015.21990755986","1106.08824294225","1155.26236263344","1366.83361997071","2033.51900797712","2078.1534203511","2309.19293494983","2585.22051087846","2727.13746585327","3256.64908738452","3874.40470623155","4228.0988152685","4201.54283466342","4078.94233103427","3519.80146489308","3548.70434276284","3376.34960597843","2610.98837126004","3191.47633742656","2250.08459665588","2451.5523114567","2632.53969814106","2907.30334439434","2824.69144366441","2688.98325145295","3486.98350635919","3112.825848106","3710.82688355096","3869.98258848894","4070.90619189484","4776.2816763938","4920.39313600453","3652.09896501865","3229.50557082079","4269.08970872392","5432.4854184654","6739.38065342218","8331.62096991844","11262.4514256759","11596.6021921731","13646.3046622664","10843.9229703167","12582.0125686037","8642.37380007027","7101.15006382986","4096.61989137473","3671.23004093383","3791.63262049576","3421.51341607593","2523.11527549578","1506.04169391285","2004.93572921136","3155.04190923584","3617.47038396528","4244.45723136019","3494.8138870244",
"British Virgin Islands","VGB","GDP per capita (current US$)","NY.GDP.PCAP.CD","","","","","","","","","","","","","","","","","","","","","","","","","","","","","","","","","","","","","","","","","","","","","","","","","","","","","","","","","","","","","","","","","","",
"Virgin Islands (U.S.)","VIR","GDP per capita (current US$)","NY.GDP.PCAP.CD","","","","","","","","","","","","","","","","","","","","","","","","","","","","","","","","","","","","","","","","","","","30062.0225050457","31731.2566241187","35006.3614404514","40828.7460927775","41377.1466009652","44158.5054044325","39152.3750657306","38753.1825393897","39905.1284180994","38997.1373164651","37795.3192590675","34597.9766940328","33045.3643795999","34007.3529411765","35324.9748874586","35365.0693039774","36663.2087550584","38633.5298915336","39787.3741650202","42571.0777368471","44320.909185774","","","",
"Viet Nam","VNM","GDP per capita (current US$)","NY.GDP.PCAP.CD","","","","","","","","","","","","","","","","","","","","","","","","","","238.647805313403","436.419296772225","595.247488701606","404.559305078888","98.1070172159577","98.7983370311401","143.715270231936","144.549392371677","189.418573584332","229.857787265757","287.802661028593","337.051231790277","361.643884085566","361.350928411167","375.994455900496","404.029784055118","419.205677580901","445.132861817313","497.117089249256","565.452284586212","710.746759994861","807.756645117054","925.640338348717","1163.83195772873","1226.16976051536","1683.16182443979","1950.92504174913","2185.11767654291","2359.51736472828","2546.38464459903","2577.56885340113","2735.0604380416","2956.10992127753","3222.31003125366","3440.90025375434","3534.03953482647","3704.1935590038","4147.69777213621","4322.82572261566","4716.6599379632","5065.99091899299",
"Vanuatu","VUT","GDP per capita (current US$)","NY.GDP.PCAP.CD","","","","","","","","","","","","","","","","","","","","1055.01446687478","1047.77362587983","962.222055354043","946.023154648384","946.705222595573","1136.68202384045","1011.51017753831","945.998619022206","1016.59904763078","1125.00616977712","1066.62512806351","1140.59020311724","1326.37321256212","1343.68942861831","1257.29387486656","1430.99367776483","1491.78967004617","1529.27573115021","1562.03090670153","1470.97189048658","1472.17751741462","1460.23817692229","1350.18338238522","1340.71537528287","1566.51396790858","1774.31867585894","1873.99142640619","2034.79289624351","2333.70506748914","2603.60883136724","2546.38324565986","2815.18828985779","3163.1861645138","3004.78416664293","3392.56675091682","3378.36411965135","3214.41948587141","3339.83436471043","3585.31798081216","3626.18862522473","3635.62344878185","3404.30359167624","3576.13770954363","3679.53524327491","3708.18942411253","3959.87703462363","4038.73520713411",
"World","WLD","GDP per capita (current US$)","NY.GDP.PCAP.CD","452.653355677478","471.931933312191","496.105588960377","525.186416425983","563.850666935202","601.888592945637","638.970700706876","664.401307345425","703.462134148118","761.11140319217","817.683493933039","884.878986369128","1002.00152690776","1201.53152954524","1362.18919097786","1488.93763061623","1589.73366543803","1766.27881654492","2055.4940430146","2335.18686803709","2587.00992594104","2628.61699908178","2554.07605312193","2561.16933615596","2614.3302826929","2690.59161836012","3118.57247275326","3487.87666375394","3829.99224771219","3930.50666963009","4338.94333025321","4453.89641554733","4679.98200500774","4685.29564260401","4967.01235983571","5463.19624240532","5507.22343967666","5408.5695352216","5302.33956683372","5401.2271886284","5512.56177163867","5404.20269822848","5539.32465002692","6129.8663827398","6818.00375324836","7290.5661453297","7803.19467222601","8685.33108680793","9425.73781604823","8827.04322994899","9555.06543969498","10496.9310026996","10597.8460782595","10759.3457336689","10912.2447775638","10191.9752512662","10239.4656645738","10784.3950896297","11344.728168656","11417.5958587724","10999.4917581781","12472.9074157191","12876.2377124072","13313.8575826001","13717.0909956338","14405.8484595528",
"Samoa","WSM","GDP per capita (current US$)","NY.GDP.PCAP.CD","","","","","","","","","","","321.996706619559","376.971495094961","432.869670090088","562.757551160649","626.0388469155","609.670300459943","541.03147223181","615.297809957995","670.633271871531","750.588726090539","765.24773288828","713.375672542904","728.127937935873","670.98638131758","654.697560664036","572.806387713236","604.257418815764","666.308337309081","790.134992313838","728.151128858805","743.994213008355","741.563963808482","776.740824409711","774.988631552282","1276.85021574897","1288.10473321401","1419.35849045228","1607.88744330521","1506.30359215846","1416.76915966987","1424.75240002471","1453.87021324606","1527.55790455937","1798.12429714048","2189.26042607992","2550.04221437511","2663.29135939532","3038.61904093377","3373.60639884263","3279.18269477295","3524.2479246203","3821.50678264479","3934.60320799981","4023.5254013825","3982.68080202084","4084.36083819933","4147.07097674888","4307.59381964907","4231.81409469194","4351.94234943706","4099.59660548583","4021.55934894283","4132.44717734444","4822.74084650019","5392.87761915762","5872.78333308796",
"Kosovo","XKX","GDP per capita (current US$)","NY.GDP.PCAP.CD","","","","","","","","","","","","","","","","","","","","","","","","","","","","","","","","","","","","","","","","","","","","","","","","","2889.14677086951","2805.94692985371","2987.54523493128","3538.94809762524","3410.65497983011","3704.55812411167","3902.49322261901","3520.62685324451","3759.44777525332","4009.32022064732","4384.18796440547","4415.6992744623","4320.58382547288","5269.69946181439","5298.1473871027","6220.33213919344","7026.6988128325","7899.41841135202",
"Yemen, Rep.","YEM","GDP per capita (current US$)","NY.GDP.PCAP.CD","","","","","","","","","","","","","","","","","","","","","","","","","","","","","","","910.422465960748","1016.30223044813","1198.13031674085","1396.61544419009","1735.04419543214","764.414656090937","375.214994663363","382.584928722421","342.73940747773","401.448141660801","493.235182634814","487.141257946318","513.241486570603","548.905883049973","627.632023395762","734.159908450927","809.713127624703","890.305768114988","1071.63583282105","969.243509864478","1155.20305261418","1186.47500581215","1245.05068272078","1378.75002954928","1430.16420964026","1362.1738120601","975.359417003225","811.165970405745","633.887202451545","","","","","","","",
"South Africa","ZAF","GDP per capita (current US$)","NY.GDP.PCAP.CD","532.147504330332","545.657511922673","563.423008817945","604.536855270991","645.873375685446","684.62122774035","721.75375941418","778.839335829791","817.128340614066","890.922089102936","952.352188073537","1020.43983590718","1038.39407468283","1369.16160033933","1656.2890557998","1670.11816898954","1558.99824733487","1671.46618837272","1851.75191300848","2201.51922339868","3028.97447561832","3049.71474333882","2717.16388710425","2938.48980239675","2504.07736790289","1839.4841908184","2027.4662038189","2586.27423314228","2702.05504774508","2726.70980679488","3093.48920352334","3243.23616023953","3462.39400202835","3399.64009566241","3488.59711541763","3855.6340871567","3617.55336002932","3700.23554789867","3309.60933087472","3242.36830483958","3217.84693448467","2847.15191945908","2688.23676032806","4062.21755993786","5221.46333731721","5836.87663325127","6077.38293388876","6591.85535960564","6184.75474328399","6374.70560042992","7973.47195771517","8646.05571071635","8076.97678479741","7331.65467384919","6856.73137092522","6112.27382485974","5651.20585165749","6618.33508255701","6914.1780318076","6533.71121032856","5580.60383075189","6828.75624590017","6534.24867783397","6034.27208964673","6267.186814093","6597.71450918774",
"Zambia","ZMB","GDP per capita (current US$)","NY.GDP.PCAP.CD","221.559848922849","209.693206426951","202.28103119051","203.219451227586","229.979245632097","287.42547598963","325.025847276562","340.579940386412","387.087288652294","458.981650783744","413.904675224945","372.144071511389","409.781146356948","517.630055161873","601.101371432691","489.505018740558","533.231631721853","474.362362443019","514.334878626644","595.455849101956","669.419722015371","669.886829361684","626.532533448195","520.45583354177","413.269974271735","332.173737253298","238.23379616097","314.999602622841","504.486020154114","526.361769256072","422.336298804219","423.071256835592","389.254665832226","390.916673784646","426.386598390102","433.312782642118","399.511304742449","465.871942164799","373.084763057408","349.515723095687","359.429500988221","396.548952993504","393.864625518616","446.290104839041","548.685974566277","710.982068171696","1051.71714895686","1118.73162626953","1375.50211006997","1136.24168316848","1451.10616017155","1624.86817763443","1710.05061343728","1820.71854827391","1707.48573136694","1295.87788680068","1239.08527877713","1483.46577328065","1463.89997855593","1258.98619844462","951.644316655957","1127.16077872857","1447.12310138035","1330.72780576709","1187.10943350064","1317.87771619597",
"Zimbabwe","ZWE","GDP per capita (current US$)","NY.GDP.PCAP.CD","276.560896360952","279.158927151344","275.686274355878","277.147112572228","281.888369368235","294.295520209542","278.709727530089","294.360765229111","302.086211635024","345.754984688223","361.425992338609","405.571258550669","483.378111388597","578.81284112321","674.335381210306","717.130326238498","687.212457369771","677.045095606361","665.358361846219","779.249232367068","949.011610530352","1068.92311090177","1095.88472887835","959.205194217604","757.359025240321","649.27581323637","692.529276865648","726.43141011947","815.89246404532","840.417972601175","866.928868406131","830.961354818769","631.149149280088","604.70311652877","634.062003018813","648.315259628165","766.913775859535","750.583100340929","552.448328691252","582.299355588147","562.833757496076","566.388746448872","524.936478570323","468.471932927213","469.719298949304","461.271387547912","431.034994414964","413.521244592925","340.917447588572","735.821693871697","902.010759067388","1037.77565157218","1239.22709745709","1362.99498323368","1372.91526173161","1387.12632595026","1408.13945253431","3445.44941020134","2270.89531874302","2184.52155388801","2059.63704025274","2613.6167414057","2536.40197087505","2195.22502010174","2496.15514995576","3021.43019873632",
